skill,contact_id,file_type,agent,ani,file_size_bytes,file_name,audio_url,signed_url,conversation_id,url_generated_at
331298,679169198508,,,18002587878,3657644,2025-07-29-12-15-20_679169198508_VOICE_9ce980a5-7a07-4fbb-99f7-e292b18e83f7.mp4,s3://bucket-cx-insightshub-engine-deployment/audio_files/2025-07-29-12-15-20_679169198508_VOICE_9ce980a5-7a07-4fbb-99f7-e292b18e83f7.mp4,https://bucket-cx-insightshub-engine-deployment.s3.amazonaws.com/audio_files/2025-07-29-12-15-20_679169198508_VOICE_9ce980a5-7a07-4fbb-99f7-e292b18e83f7.mp4?AWSAccessKeyId=ASIA3TD2SHTXD5R2BAF6&Signature=NOfCH9MIwlTCbg4Q%2BQ9bZUlZ1NA%3D&x-amz-security-token=IQoJb3JpZ2luX2VjEFEaCXVzLWVhc3QtMSJHMEUCIBCMItL5RIlXwSGFNEcLQFdfLgXkqvhJFS38gDZB%2FFbWAiEA142yOxZa5T28J4tXw6xShZJ2CiTD1MUHFC9PAtCsPIAquwUIGRAAGgw3OTY5NzM0ODExOTgiDEAZ2L3PR9iUUl6IhiqYBbZrL%2BGYoF5nL%2Fp8F8Akj9%2Bmxx6vWqpRi%2FSHcbSUwHyVTg7a5DG2kHt1y4ZRj865JRn9mZ94Lw1Hxqwarzi0eukM%2Bxli1b7bQL4m9ggwfYDH57JTc610gnpwZdYkpJ4uGxk0KOz1SL%2BD%2BzvKYfjnZyNqTLE0IAa2rsUk5RgyzKLKhGlkXe%2FJtuBlNJBqwDJwiOo6AiFeKUTkaMRbrmeXoRFndwmFdk%2Fde1PmNRIXoyZY13m%2BOec6hImfhG6JvToyHBC64%2B5Cups3hnPPgKIICWryFlus4fTiNbIgBiB1OnFLyj64Eya0PnZ%2FfSjBWHx3AYKxpHuiY7UsMSBdT5agdjDI5dPAzOYOdHDXFqTlOMA6QwOvRLvmq4qMnwrBfqVdU3x%2FxCYVkwDmGLcT8pJc0X5M1rpKExz6bFzwPB8GkQsJPH1uGF5fjmhSub7oredie9%2BKpFNZL21I2Qv0CUSvDmPAVU%2F8giO41BYdQkQG12c%2FRs18ZhSW3oUE%2BJ1%2BBGzR9WTlozgP3OHLYmSophnb8hauj%2FCuaAYYLkVW9fu9vudiIFysm8%2BJQOn6IRdIqomGC1b%2BmNZ3ikqyoF8YDU6ofB6Z69mnKjBKLziMoII%2FEQoWVz2xc15f147cYraDbBz4YbCDbkn6fl%2BHzQ8fyCUVlvVBCpZshFWPZAHF3jeCQv5M%2FLH1ysuknpIkUG%2BuFS3YBwrFsBhwj1klkHjBTagrzUDEUrlBhPrlu0MAlEZJqMYTgukI%2Fes5DE7arJOt9dFhCg%2B2QB0R8CGUqWFAiZ%2B9aVPxuBIAD0q4IPww0FGWwurM6UablePyLSUR5F8r8sIUi3LHuM79kbKFSzuQNFot%2BoeWDEbXn7n0TwmXX6Fgj%2Fse9AHh3q8zzTIw38GXzwY6sQFvLWlFPz7X16qqEqvvpTEKRqBhP8a6FGb7OMC3400LC88cPsAbS4HHeTyExetD8t9D6qEGV30D27cQRo459bt4KAfAL1C%2FcnLk%2Fmgz3Xd%2BdC6Cd4cJcTBZeYmhgOWNq0BPNck52QDoj59uVxgMRqiwvd6R8DY4aeUoN2g6VPXUJjtKL7lK0IDOM%2FGybDjIr05A%2BJ07WgALH67nbqR%2BgdYq9OztLbREmfXNZcNLe75ZNms%3D&Expires=1776680488,2025-07-29-12-15-20_679169198508_VOICE_9ce980a5-7a07-4fbb-99f7-e292b18e83f7,2026-04-20T09:21:28.208422+00:00
331298,679169239712,,,18006186177,3502548,2025-07-29-13-42-34_679169239712_VOICE_1ce7a616-9d1c-4dcc-a4a5-8b94d56ac880.mp4,s3://bucket-cx-insightshub-engine-deployment/audio_files/2025-07-29-13-42-34_679169239712_VOICE_1ce7a616-9d1c-4dcc-a4a5-8b94d56ac880.mp4,https://bucket-cx-insightshub-engine-deployment.s3.amazonaws.com/audio_files/2025-07-29-13-42-34_679169239712_VOICE_1ce7a616-9d1c-4dcc-a4a5-8b94d56ac880.mp4?AWSAccessKeyId=ASIA3TD2SHTXD5R2BAF6&Signature=JOcubV2w9c14tIAVpv8Xbsk1aNA%3D&x-amz-security-token=IQoJb3JpZ2luX2VjEFEaCXVzLWVhc3QtMSJHMEUCIBCMItL5RIlXwSGFNEcLQFdfLgXkqvhJFS38gDZB%2FFbWAiEA142yOxZa5T28J4tXw6xShZJ2CiTD1MUHFC9PAtCsPIAquwUIGRAAGgw3OTY5NzM0ODExOTgiDEAZ2L3PR9iUUl6IhiqYBbZrL%2BGYoF5nL%2Fp8F8Akj9%2Bmxx6vWqpRi%2FSHcbSUwHyVTg7a5DG2kHt1y4ZRj865JRn9mZ94Lw1Hxqwarzi0eukM%2Bxli1b7bQL4m9ggwfYDH57JTc610gnpwZdYkpJ4uGxk0KOz1SL%2BD%2BzvKYfjnZyNqTLE0IAa2rsUk5RgyzKLKhGlkXe%2FJtuBlNJBqwDJwiOo6AiFeKUTkaMRbrmeXoRFndwmFdk%2Fde1PmNRIXoyZY13m%2BOec6hImfhG6JvToyHBC64%2B5Cups3hnPPgKIICWryFlus4fTiNbIgBiB1OnFLyj64Eya0PnZ%2FfSjBWHx3AYKxpHuiY7UsMSBdT5agdjDI5dPAzOYOdHDXFqTlOMA6QwOvRLvmq4qMnwrBfqVdU3x%2FxCYVkwDmGLcT8pJc0X5M1rpKExz6bFzwPB8GkQsJPH1uGF5fjmhSub7oredie9%2BKpFNZL21I2Qv0CUSvDmPAVU%2F8giO41BYdQkQG12c%2FRs18ZhSW3oUE%2BJ1%2BBGzR9WTlozgP3OHLYmSophnb8hauj%2FCuaAYYLkVW9fu9vudiIFysm8%2BJQOn6IRdIqomGC1b%2BmNZ3ikqyoF8YDU6ofB6Z69mnKjBKLziMoII%2FEQoWVz2xc15f147cYraDbBz4YbCDbkn6fl%2BHzQ8fyCUVlvVBCpZshFWPZAHF3jeCQv5M%2FLH1ysuknpIkUG%2BuFS3YBwrFsBhwj1klkHjBTagrzUDEUrlBhPrlu0MAlEZJqMYTgukI%2Fes5DE7arJOt9dFhCg%2B2QB0R8CGUqWFAiZ%2B9aVPxuBIAD0q4IPww0FGWwurM6UablePyLSUR5F8r8sIUi3LHuM79kbKFSzuQNFot%2BoeWDEbXn7n0TwmXX6Fgj%2Fse9AHh3q8zzTIw38GXzwY6sQFvLWlFPz7X16qqEqvvpTEKRqBhP8a6FGb7OMC3400LC88cPsAbS4HHeTyExetD8t9D6qEGV30D27cQRo459bt4KAfAL1C%2FcnLk%2Fmgz3Xd%2BdC6Cd4cJcTBZeYmhgOWNq0BPNck52QDoj59uVxgMRqiwvd6R8DY4aeUoN2g6VPXUJjtKL7lK0IDOM%2FGybDjIr05A%2BJ07WgALH67nbqR%2BgdYq9OztLbREmfXNZcNLe75ZNms%3D&Expires=1776680488,2025-07-29-13-42-34_679169239712_VOICE_1ce7a616-9d1c-4dcc-a4a5-8b94d56ac880,2026-04-20T09:21:28.208422+00:00
10608367,679169247731,,,18776824727,3562061,2025-07-29-13-50-46_679169247731_VOICE_983a23c6-8bbb-46a2-8f53-450119f99e6e.mp4,s3://bucket-cx-insightshub-engine-deployment/audio_files/2025-07-29-13-50-46_679169247731_VOICE_983a23c6-8bbb-46a2-8f53-450119f99e6e.mp4,https://bucket-cx-insightshub-engine-deployment.s3.amazonaws.com/audio_files/2025-07-29-13-50-46_679169247731_VOICE_983a23c6-8bbb-46a2-8f53-450119f99e6e.mp4?AWSAccessKeyId=ASIA3TD2SHTXD5R2BAF6&Signature=C1ma0pnbHwCxqzjB9p%2F9EIpZXSo%3D&x-amz-security-token=IQoJb3JpZ2luX2VjEFEaCXVzLWVhc3QtMSJHMEUCIBCMItL5RIlXwSGFNEcLQFdfLgXkqvhJFS38gDZB%2FFbWAiEA142yOxZa5T28J4tXw6xShZJ2CiTD1MUHFC9PAtCsPIAquwUIGRAAGgw3OTY5NzM0ODExOTgiDEAZ2L3PR9iUUl6IhiqYBbZrL%2BGYoF5nL%2Fp8F8Akj9%2Bmxx6vWqpRi%2FSHcbSUwHyVTg7a5DG2kHt1y4ZRj865JRn9mZ94Lw1Hxqwarzi0eukM%2Bxli1b7bQL4m9ggwfYDH57JTc610gnpwZdYkpJ4uGxk0KOz1SL%2BD%2BzvKYfjnZyNqTLE0IAa2rsUk5RgyzKLKhGlkXe%2FJtuBlNJBqwDJwiOo6AiFeKUTkaMRbrmeXoRFndwmFdk%2Fde1PmNRIXoyZY13m%2BOec6hImfhG6JvToyHBC64%2B5Cups3hnPPgKIICWryFlus4fTiNbIgBiB1OnFLyj64Eya0PnZ%2FfSjBWHx3AYKxpHuiY7UsMSBdT5agdjDI5dPAzOYOdHDXFqTlOMA6QwOvRLvmq4qMnwrBfqVdU3x%2FxCYVkwDmGLcT8pJc0X5M1rpKExz6bFzwPB8GkQsJPH1uGF5fjmhSub7oredie9%2BKpFNZL21I2Qv0CUSvDmPAVU%2F8giO41BYdQkQG12c%2FRs18ZhSW3oUE%2BJ1%2BBGzR9WTlozgP3OHLYmSophnb8hauj%2FCuaAYYLkVW9fu9vudiIFysm8%2BJQOn6IRdIqomGC1b%2BmNZ3ikqyoF8YDU6ofB6Z69mnKjBKLziMoII%2FEQoWVz2xc15f147cYraDbBz4YbCDbkn6fl%2BHzQ8fyCUVlvVBCpZshFWPZAHF3jeCQv5M%2FLH1ysuknpIkUG%2BuFS3YBwrFsBhwj1klkHjBTagrzUDEUrlBhPrlu0MAlEZJqMYTgukI%2Fes5DE7arJOt9dFhCg%2B2QB0R8CGUqWFAiZ%2B9aVPxuBIAD0q4IPww0FGWwurM6UablePyLSUR5F8r8sIUi3LHuM79kbKFSzuQNFot%2BoeWDEbXn7n0TwmXX6Fgj%2Fse9AHh3q8zzTIw38GXzwY6sQFvLWlFPz7X16qqEqvvpTEKRqBhP8a6FGb7OMC3400LC88cPsAbS4HHeTyExetD8t9D6qEGV30D27cQRo459bt4KAfAL1C%2FcnLk%2Fmgz3Xd%2BdC6Cd4cJcTBZeYmhgOWNq0BPNck52QDoj59uVxgMRqiwvd6R8DY4aeUoN2g6VPXUJjtKL7lK0IDOM%2FGybDjIr05A%2BJ07WgALH67nbqR%2BgdYq9OztLbREmfXNZcNLe75ZNms%3D&Expires=1776680488,2025-07-29-13-50-46_679169247731_VOICE_983a23c6-8bbb-46a2-8f53-450119f99e6e,2026-04-20T09:21:28.208422+00:00
10608367,679169260000,,,18002587878,3619280,2025-07-29-14-06-29_679169260000_VOICE_b3536045-0497-4984-b685-6e25734bd9d8.mp4,s3://bucket-cx-insightshub-engine-deployment/audio_files/2025-07-29-14-06-29_679169260000_VOICE_b3536045-0497-4984-b685-6e25734bd9d8.mp4,https://bucket-cx-insightshub-engine-deployment.s3.amazonaws.com/audio_files/2025-07-29-14-06-29_679169260000_VOICE_b3536045-0497-4984-b685-6e25734bd9d8.mp4?AWSAccessKeyId=ASIA3TD2SHTXD5R2BAF6&Signature=GsV3M1wuc43gx8%2FDMCr955i%2BhEg%3D&x-amz-security-token=IQoJb3JpZ2luX2VjEFEaCXVzLWVhc3QtMSJHMEUCIBCMItL5RIlXwSGFNEcLQFdfLgXkqvhJFS38gDZB%2FFbWAiEA142yOxZa5T28J4tXw6xShZJ2CiTD1MUHFC9PAtCsPIAquwUIGRAAGgw3OTY5NzM0ODExOTgiDEAZ2L3PR9iUUl6IhiqYBbZrL%2BGYoF5nL%2Fp8F8Akj9%2Bmxx6vWqpRi%2FSHcbSUwHyVTg7a5DG2kHt1y4ZRj865JRn9mZ94Lw1Hxqwarzi0eukM%2Bxli1b7bQL4m9ggwfYDH57JTc610gnpwZdYkpJ4uGxk0KOz1SL%2BD%2BzvKYfjnZyNqTLE0IAa2rsUk5RgyzKLKhGlkXe%2FJtuBlNJBqwDJwiOo6AiFeKUTkaMRbrmeXoRFndwmFdk%2Fde1PmNRIXoyZY13m%2BOec6hImfhG6JvToyHBC64%2B5Cups3hnPPgKIICWryFlus4fTiNbIgBiB1OnFLyj64Eya0PnZ%2FfSjBWHx3AYKxpHuiY7UsMSBdT5agdjDI5dPAzOYOdHDXFqTlOMA6QwOvRLvmq4qMnwrBfqVdU3x%2FxCYVkwDmGLcT8pJc0X5M1rpKExz6bFzwPB8GkQsJPH1uGF5fjmhSub7oredie9%2BKpFNZL21I2Qv0CUSvDmPAVU%2F8giO41BYdQkQG12c%2FRs18ZhSW3oUE%2BJ1%2BBGzR9WTlozgP3OHLYmSophnb8hauj%2FCuaAYYLkVW9fu9vudiIFysm8%2BJQOn6IRdIqomGC1b%2BmNZ3ikqyoF8YDU6ofB6Z69mnKjBKLziMoII%2FEQoWVz2xc15f147cYraDbBz4YbCDbkn6fl%2BHzQ8fyCUVlvVBCpZshFWPZAHF3jeCQv5M%2FLH1ysuknpIkUG%2BuFS3YBwrFsBhwj1klkHjBTagrzUDEUrlBhPrlu0MAlEZJqMYTgukI%2Fes5DE7arJOt9dFhCg%2B2QB0R8CGUqWFAiZ%2B9aVPxuBIAD0q4IPww0FGWwurM6UablePyLSUR5F8r8sIUi3LHuM79kbKFSzuQNFot%2BoeWDEbXn7n0TwmXX6Fgj%2Fse9AHh3q8zzTIw38GXzwY6sQFvLWlFPz7X16qqEqvvpTEKRqBhP8a6FGb7OMC3400LC88cPsAbS4HHeTyExetD8t9D6qEGV30D27cQRo459bt4KAfAL1C%2FcnLk%2Fmgz3Xd%2BdC6Cd4cJcTBZeYmhgOWNq0BPNck52QDoj59uVxgMRqiwvd6R8DY4aeUoN2g6VPXUJjtKL7lK0IDOM%2FGybDjIr05A%2BJ07WgALH67nbqR%2BgdYq9OztLbREmfXNZcNLe75ZNms%3D&Expires=1776680488,2025-07-29-14-06-29_679169260000_VOICE_b3536045-0497-4984-b685-6e25734bd9d8,2026-04-20T09:21:28.208422+00:00
331298,679169262889,,,18776824727,3668085,2025-07-29-14-09-44_679169262889_VOICE_f7610a56-b8a2-422f-8aa8-ce5f9c213490.mp4,s3://bucket-cx-insightshub-engine-deployment/audio_files/2025-07-29-14-09-44_679169262889_VOICE_f7610a56-b8a2-422f-8aa8-ce5f9c213490.mp4,https://bucket-cx-insightshub-engine-deployment.s3.amazonaws.com/audio_files/2025-07-29-14-09-44_679169262889_VOICE_f7610a56-b8a2-422f-8aa8-ce5f9c213490.mp4?AWSAccessKeyId=ASIA3TD2SHTXD5R2BAF6&Signature=hY4sBa%2FLDihZDrqQywr7nLWgP0U%3D&x-amz-security-token=IQoJb3JpZ2luX2VjEFEaCXVzLWVhc3QtMSJHMEUCIBCMItL5RIlXwSGFNEcLQFdfLgXkqvhJFS38gDZB%2FFbWAiEA142yOxZa5T28J4tXw6xShZJ2CiTD1MUHFC9PAtCsPIAquwUIGRAAGgw3OTY5NzM0ODExOTgiDEAZ2L3PR9iUUl6IhiqYBbZrL%2BGYoF5nL%2Fp8F8Akj9%2Bmxx6vWqpRi%2FSHcbSUwHyVTg7a5DG2kHt1y4ZRj865JRn9mZ94Lw1Hxqwarzi0eukM%2Bxli1b7bQL4m9ggwfYDH57JTc610gnpwZdYkpJ4uGxk0KOz1SL%2BD%2BzvKYfjnZyNqTLE0IAa2rsUk5RgyzKLKhGlkXe%2FJtuBlNJBqwDJwiOo6AiFeKUTkaMRbrmeXoRFndwmFdk%2Fde1PmNRIXoyZY13m%2BOec6hImfhG6JvToyHBC64%2B5Cups3hnPPgKIICWryFlus4fTiNbIgBiB1OnFLyj64Eya0PnZ%2FfSjBWHx3AYKxpHuiY7UsMSBdT5agdjDI5dPAzOYOdHDXFqTlOMA6QwOvRLvmq4qMnwrBfqVdU3x%2FxCYVkwDmGLcT8pJc0X5M1rpKExz6bFzwPB8GkQsJPH1uGF5fjmhSub7oredie9%2BKpFNZL21I2Qv0CUSvDmPAVU%2F8giO41BYdQkQG12c%2FRs18ZhSW3oUE%2BJ1%2BBGzR9WTlozgP3OHLYmSophnb8hauj%2FCuaAYYLkVW9fu9vudiIFysm8%2BJQOn6IRdIqomGC1b%2BmNZ3ikqyoF8YDU6ofB6Z69mnKjBKLziMoII%2FEQoWVz2xc15f147cYraDbBz4YbCDbkn6fl%2BHzQ8fyCUVlvVBCpZshFWPZAHF3jeCQv5M%2FLH1ysuknpIkUG%2BuFS3YBwrFsBhwj1klkHjBTagrzUDEUrlBhPrlu0MAlEZJqMYTgukI%2Fes5DE7arJOt9dFhCg%2B2QB0R8CGUqWFAiZ%2B9aVPxuBIAD0q4IPww0FGWwurM6UablePyLSUR5F8r8sIUi3LHuM79kbKFSzuQNFot%2BoeWDEbXn7n0TwmXX6Fgj%2Fse9AHh3q8zzTIw38GXzwY6sQFvLWlFPz7X16qqEqvvpTEKRqBhP8a6FGb7OMC3400LC88cPsAbS4HHeTyExetD8t9D6qEGV30D27cQRo459bt4KAfAL1C%2FcnLk%2Fmgz3Xd%2BdC6Cd4cJcTBZeYmhgOWNq0BPNck52QDoj59uVxgMRqiwvd6R8DY4aeUoN2g6VPXUJjtKL7lK0IDOM%2FGybDjIr05A%2BJ07WgALH67nbqR%2BgdYq9OztLbREmfXNZcNLe75ZNms%3D&Expires=1776680488,2025-07-29-14-09-44_679169262889_VOICE_f7610a56-b8a2-422f-8aa8-ce5f9c213490,2026-04-20T09:21:28.208422+00:00
331298,679169272582,,,18776824727,3652573,2025-07-29-14-17-14_679169272582_VOICE_e2b8fde7-ed7e-4da0-884c-2149ddeed2f1.mp4,s3://bucket-cx-insightshub-engine-deployment/audio_files/2025-07-29-14-17-14_679169272582_VOICE_e2b8fde7-ed7e-4da0-884c-2149ddeed2f1.mp4,https://bucket-cx-insightshub-engine-deployment.s3.amazonaws.com/audio_files/2025-07-29-14-17-14_679169272582_VOICE_e2b8fde7-ed7e-4da0-884c-2149ddeed2f1.mp4?AWSAccessKeyId=ASIA3TD2SHTXD5R2BAF6&Signature=p5Q%2FtAs%2FpPnNHSSCUBJvOIWaOv0%3D&x-amz-security-token=IQoJb3JpZ2luX2VjEFEaCXVzLWVhc3QtMSJHMEUCIBCMItL5RIlXwSGFNEcLQFdfLgXkqvhJFS38gDZB%2FFbWAiEA142yOxZa5T28J4tXw6xShZJ2CiTD1MUHFC9PAtCsPIAquwUIGRAAGgw3OTY5NzM0ODExOTgiDEAZ2L3PR9iUUl6IhiqYBbZrL%2BGYoF5nL%2Fp8F8Akj9%2Bmxx6vWqpRi%2FSHcbSUwHyVTg7a5DG2kHt1y4ZRj865JRn9mZ94Lw1Hxqwarzi0eukM%2Bxli1b7bQL4m9ggwfYDH57JTc610gnpwZdYkpJ4uGxk0KOz1SL%2BD%2BzvKYfjnZyNqTLE0IAa2rsUk5RgyzKLKhGlkXe%2FJtuBlNJBqwDJwiOo6AiFeKUTkaMRbrmeXoRFndwmFdk%2Fde1PmNRIXoyZY13m%2BOec6hImfhG6JvToyHBC64%2B5Cups3hnPPgKIICWryFlus4fTiNbIgBiB1OnFLyj64Eya0PnZ%2FfSjBWHx3AYKxpHuiY7UsMSBdT5agdjDI5dPAzOYOdHDXFqTlOMA6QwOvRLvmq4qMnwrBfqVdU3x%2FxCYVkwDmGLcT8pJc0X5M1rpKExz6bFzwPB8GkQsJPH1uGF5fjmhSub7oredie9%2BKpFNZL21I2Qv0CUSvDmPAVU%2F8giO41BYdQkQG12c%2FRs18ZhSW3oUE%2BJ1%2BBGzR9WTlozgP3OHLYmSophnb8hauj%2FCuaAYYLkVW9fu9vudiIFysm8%2BJQOn6IRdIqomGC1b%2BmNZ3ikqyoF8YDU6ofB6Z69mnKjBKLziMoII%2FEQoWVz2xc15f147cYraDbBz4YbCDbkn6fl%2BHzQ8fyCUVlvVBCpZshFWPZAHF3jeCQv5M%2FLH1ysuknpIkUG%2BuFS3YBwrFsBhwj1klkHjBTagrzUDEUrlBhPrlu0MAlEZJqMYTgukI%2Fes5DE7arJOt9dFhCg%2B2QB0R8CGUqWFAiZ%2B9aVPxuBIAD0q4IPww0FGWwurM6UablePyLSUR5F8r8sIUi3LHuM79kbKFSzuQNFot%2BoeWDEbXn7n0TwmXX6Fgj%2Fse9AHh3q8zzTIw38GXzwY6sQFvLWlFPz7X16qqEqvvpTEKRqBhP8a6FGb7OMC3400LC88cPsAbS4HHeTyExetD8t9D6qEGV30D27cQRo459bt4KAfAL1C%2FcnLk%2Fmgz3Xd%2BdC6Cd4cJcTBZeYmhgOWNq0BPNck52QDoj59uVxgMRqiwvd6R8DY4aeUoN2g6VPXUJjtKL7lK0IDOM%2FGybDjIr05A%2BJ07WgALH67nbqR%2BgdYq9OztLbREmfXNZcNLe75ZNms%3D&Expires=1776680488,2025-07-29-14-17-14_679169272582_VOICE_e2b8fde7-ed7e-4da0-884c-2149ddeed2f1,2026-04-20T09:21:28.208422+00:00
10608820,679169248205,,,18776824727,3439307,2025-07-29-13-52-33_679169248205_VOICE_986aecb9-d470-4d40-8cb3-08885d6c72c6.mp4,s3://bucket-cx-insightshub-engine-deployment/audio_files/2025-07-29-13-52-33_679169248205_VOICE_986aecb9-d470-4d40-8cb3-08885d6c72c6.mp4,https://bucket-cx-insightshub-engine-deployment.s3.amazonaws.com/audio_files/2025-07-29-13-52-33_679169248205_VOICE_986aecb9-d470-4d40-8cb3-08885d6c72c6.mp4?AWSAccessKeyId=ASIA3TD2SHTXD5R2BAF6&Signature=wHG3gFL2H6F1tVOs7RwuuaMqtJA%3D&x-amz-security-token=IQoJb3JpZ2luX2VjEFEaCXVzLWVhc3QtMSJHMEUCIBCMItL5RIlXwSGFNEcLQFdfLgXkqvhJFS38gDZB%2FFbWAiEA142yOxZa5T28J4tXw6xShZJ2CiTD1MUHFC9PAtCsPIAquwUIGRAAGgw3OTY5NzM0ODExOTgiDEAZ2L3PR9iUUl6IhiqYBbZrL%2BGYoF5nL%2Fp8F8Akj9%2Bmxx6vWqpRi%2FSHcbSUwHyVTg7a5DG2kHt1y4ZRj865JRn9mZ94Lw1Hxqwarzi0eukM%2Bxli1b7bQL4m9ggwfYDH57JTc610gnpwZdYkpJ4uGxk0KOz1SL%2BD%2BzvKYfjnZyNqTLE0IAa2rsUk5RgyzKLKhGlkXe%2FJtuBlNJBqwDJwiOo6AiFeKUTkaMRbrmeXoRFndwmFdk%2Fde1PmNRIXoyZY13m%2BOec6hImfhG6JvToyHBC64%2B5Cups3hnPPgKIICWryFlus4fTiNbIgBiB1OnFLyj64Eya0PnZ%2FfSjBWHx3AYKxpHuiY7UsMSBdT5agdjDI5dPAzOYOdHDXFqTlOMA6QwOvRLvmq4qMnwrBfqVdU3x%2FxCYVkwDmGLcT8pJc0X5M1rpKExz6bFzwPB8GkQsJPH1uGF5fjmhSub7oredie9%2BKpFNZL21I2Qv0CUSvDmPAVU%2F8giO41BYdQkQG12c%2FRs18ZhSW3oUE%2BJ1%2BBGzR9WTlozgP3OHLYmSophnb8hauj%2FCuaAYYLkVW9fu9vudiIFysm8%2BJQOn6IRdIqomGC1b%2BmNZ3ikqyoF8YDU6ofB6Z69mnKjBKLziMoII%2FEQoWVz2xc15f147cYraDbBz4YbCDbkn6fl%2BHzQ8fyCUVlvVBCpZshFWPZAHF3jeCQv5M%2FLH1ysuknpIkUG%2BuFS3YBwrFsBhwj1klkHjBTagrzUDEUrlBhPrlu0MAlEZJqMYTgukI%2Fes5DE7arJOt9dFhCg%2B2QB0R8CGUqWFAiZ%2B9aVPxuBIAD0q4IPww0FGWwurM6UablePyLSUR5F8r8sIUi3LHuM79kbKFSzuQNFot%2BoeWDEbXn7n0TwmXX6Fgj%2Fse9AHh3q8zzTIw38GXzwY6sQFvLWlFPz7X16qqEqvvpTEKRqBhP8a6FGb7OMC3400LC88cPsAbS4HHeTyExetD8t9D6qEGV30D27cQRo459bt4KAfAL1C%2FcnLk%2Fmgz3Xd%2BdC6Cd4cJcTBZeYmhgOWNq0BPNck52QDoj59uVxgMRqiwvd6R8DY4aeUoN2g6VPXUJjtKL7lK0IDOM%2FGybDjIr05A%2BJ07WgALH67nbqR%2BgdYq9OztLbREmfXNZcNLe75ZNms%3D&Expires=1776680488,2025-07-29-13-52-33_679169248205_VOICE_986aecb9-d470-4d40-8cb3-08885d6c72c6,2026-04-20T09:21:28.208422+00:00
331300,679169281839,,,15715511772,3591460,2025-07-29-14-23-55_679169281839_VOICE_0db8bfba-4f68-4429-b1a1-bbd54f8d9df7.mp4,s3://bucket-cx-insightshub-engine-deployment/audio_files/2025-07-29-14-23-55_679169281839_VOICE_0db8bfba-4f68-4429-b1a1-bbd54f8d9df7.mp4,https://bucket-cx-insightshub-engine-deployment.s3.amazonaws.com/audio_files/2025-07-29-14-23-55_679169281839_VOICE_0db8bfba-4f68-4429-b1a1-bbd54f8d9df7.mp4?AWSAccessKeyId=ASIA3TD2SHTXD5R2BAF6&Signature=qz5GNwyaXeV7Eeo%2FzH66F1UB1Fc%3D&x-amz-security-token=IQoJb3JpZ2luX2VjEFEaCXVzLWVhc3QtMSJHMEUCIBCMItL5RIlXwSGFNEcLQFdfLgXkqvhJFS38gDZB%2FFbWAiEA142yOxZa5T28J4tXw6xShZJ2CiTD1MUHFC9PAtCsPIAquwUIGRAAGgw3OTY5NzM0ODExOTgiDEAZ2L3PR9iUUl6IhiqYBbZrL%2BGYoF5nL%2Fp8F8Akj9%2Bmxx6vWqpRi%2FSHcbSUwHyVTg7a5DG2kHt1y4ZRj865JRn9mZ94Lw1Hxqwarzi0eukM%2Bxli1b7bQL4m9ggwfYDH57JTc610gnpwZdYkpJ4uGxk0KOz1SL%2BD%2BzvKYfjnZyNqTLE0IAa2rsUk5RgyzKLKhGlkXe%2FJtuBlNJBqwDJwiOo6AiFeKUTkaMRbrmeXoRFndwmFdk%2Fde1PmNRIXoyZY13m%2BOec6hImfhG6JvToyHBC64%2B5Cups3hnPPgKIICWryFlus4fTiNbIgBiB1OnFLyj64Eya0PnZ%2FfSjBWHx3AYKxpHuiY7UsMSBdT5agdjDI5dPAzOYOdHDXFqTlOMA6QwOvRLvmq4qMnwrBfqVdU3x%2FxCYVkwDmGLcT8pJc0X5M1rpKExz6bFzwPB8GkQsJPH1uGF5fjmhSub7oredie9%2BKpFNZL21I2Qv0CUSvDmPAVU%2F8giO41BYdQkQG12c%2FRs18ZhSW3oUE%2BJ1%2BBGzR9WTlozgP3OHLYmSophnb8hauj%2FCuaAYYLkVW9fu9vudiIFysm8%2BJQOn6IRdIqomGC1b%2BmNZ3ikqyoF8YDU6ofB6Z69mnKjBKLziMoII%2FEQoWVz2xc15f147cYraDbBz4YbCDbkn6fl%2BHzQ8fyCUVlvVBCpZshFWPZAHF3jeCQv5M%2FLH1ysuknpIkUG%2BuFS3YBwrFsBhwj1klkHjBTagrzUDEUrlBhPrlu0MAlEZJqMYTgukI%2Fes5DE7arJOt9dFhCg%2B2QB0R8CGUqWFAiZ%2B9aVPxuBIAD0q4IPww0FGWwurM6UablePyLSUR5F8r8sIUi3LHuM79kbKFSzuQNFot%2BoeWDEbXn7n0TwmXX6Fgj%2Fse9AHh3q8zzTIw38GXzwY6sQFvLWlFPz7X16qqEqvvpTEKRqBhP8a6FGb7OMC3400LC88cPsAbS4HHeTyExetD8t9D6qEGV30D27cQRo459bt4KAfAL1C%2FcnLk%2Fmgz3Xd%2BdC6Cd4cJcTBZeYmhgOWNq0BPNck52QDoj59uVxgMRqiwvd6R8DY4aeUoN2g6VPXUJjtKL7lK0IDOM%2FGybDjIr05A%2BJ07WgALH67nbqR%2BgdYq9OztLbREmfXNZcNLe75ZNms%3D&Expires=1776680488,2025-07-29-14-23-55_679169281839_VOICE_0db8bfba-4f68-4429-b1a1-bbd54f8d9df7,2026-04-20T09:21:28.208422+00:00
4049711,679169256776,,,18776824727,3602413,2025-07-29-14-01-25_679169256776_VOICE_a54cf98f-9179-4dd5-ade1-a8b1d58bab6e.mp4,s3://bucket-cx-insightshub-engine-deployment/audio_files/2025-07-29-14-01-25_679169256776_VOICE_a54cf98f-9179-4dd5-ade1-a8b1d58bab6e.mp4,https://bucket-cx-insightshub-engine-deployment.s3.amazonaws.com/audio_files/2025-07-29-14-01-25_679169256776_VOICE_a54cf98f-9179-4dd5-ade1-a8b1d58bab6e.mp4?AWSAccessKeyId=ASIA3TD2SHTXD5R2BAF6&Signature=40f9qIW2NWDVxGKOa3CMGpBN6ag%3D&x-amz-security-token=IQoJb3JpZ2luX2VjEFEaCXVzLWVhc3QtMSJHMEUCIBCMItL5RIlXwSGFNEcLQFdfLgXkqvhJFS38gDZB%2FFbWAiEA142yOxZa5T28J4tXw6xShZJ2CiTD1MUHFC9PAtCsPIAquwUIGRAAGgw3OTY5NzM0ODExOTgiDEAZ2L3PR9iUUl6IhiqYBbZrL%2BGYoF5nL%2Fp8F8Akj9%2Bmxx6vWqpRi%2FSHcbSUwHyVTg7a5DG2kHt1y4ZRj865JRn9mZ94Lw1Hxqwarzi0eukM%2Bxli1b7bQL4m9ggwfYDH57JTc610gnpwZdYkpJ4uGxk0KOz1SL%2BD%2BzvKYfjnZyNqTLE0IAa2rsUk5RgyzKLKhGlkXe%2FJtuBlNJBqwDJwiOo6AiFeKUTkaMRbrmeXoRFndwmFdk%2Fde1PmNRIXoyZY13m%2BOec6hImfhG6JvToyHBC64%2B5Cups3hnPPgKIICWryFlus4fTiNbIgBiB1OnFLyj64Eya0PnZ%2FfSjBWHx3AYKxpHuiY7UsMSBdT5agdjDI5dPAzOYOdHDXFqTlOMA6QwOvRLvmq4qMnwrBfqVdU3x%2FxCYVkwDmGLcT8pJc0X5M1rpKExz6bFzwPB8GkQsJPH1uGF5fjmhSub7oredie9%2BKpFNZL21I2Qv0CUSvDmPAVU%2F8giO41BYdQkQG12c%2FRs18ZhSW3oUE%2BJ1%2BBGzR9WTlozgP3OHLYmSophnb8hauj%2FCuaAYYLkVW9fu9vudiIFysm8%2BJQOn6IRdIqomGC1b%2BmNZ3ikqyoF8YDU6ofB6Z69mnKjBKLziMoII%2FEQoWVz2xc15f147cYraDbBz4YbCDbkn6fl%2BHzQ8fyCUVlvVBCpZshFWPZAHF3jeCQv5M%2FLH1ysuknpIkUG%2BuFS3YBwrFsBhwj1klkHjBTagrzUDEUrlBhPrlu0MAlEZJqMYTgukI%2Fes5DE7arJOt9dFhCg%2B2QB0R8CGUqWFAiZ%2B9aVPxuBIAD0q4IPww0FGWwurM6UablePyLSUR5F8r8sIUi3LHuM79kbKFSzuQNFot%2BoeWDEbXn7n0TwmXX6Fgj%2Fse9AHh3q8zzTIw38GXzwY6sQFvLWlFPz7X16qqEqvvpTEKRqBhP8a6FGb7OMC3400LC88cPsAbS4HHeTyExetD8t9D6qEGV30D27cQRo459bt4KAfAL1C%2FcnLk%2Fmgz3Xd%2BdC6Cd4cJcTBZeYmhgOWNq0BPNck52QDoj59uVxgMRqiwvd6R8DY4aeUoN2g6VPXUJjtKL7lK0IDOM%2FGybDjIr05A%2BJ07WgALH67nbqR%2BgdYq9OztLbREmfXNZcNLe75ZNms%3D&Expires=1776680488,2025-07-29-14-01-25_679169256776_VOICE_a54cf98f-9179-4dd5-ade1-a8b1d58bab6e,2026-04-20T09:21:28.208422+00:00
10608367,679169259184,,,16303685600,3672424,2025-07-29-14-06-23_679169259184_VOICE_9b06baf9-a18a-4806-b7e9-f24f93c2e079.mp4,s3://bucket-cx-insightshub-engine-deployment/audio_files/2025-07-29-14-06-23_679169259184_VOICE_9b06baf9-a18a-4806-b7e9-f24f93c2e079.mp4,https://bucket-cx-insightshub-engine-deployment.s3.amazonaws.com/audio_files/2025-07-29-14-06-23_679169259184_VOICE_9b06baf9-a18a-4806-b7e9-f24f93c2e079.mp4?AWSAccessKeyId=ASIA3TD2SHTXD5R2BAF6&Signature=emXwJwGETz%2Be7yQxJ4n83%2Bnbf%2Fo%3D&x-amz-security-token=IQoJb3JpZ2luX2VjEFEaCXVzLWVhc3QtMSJHMEUCIBCMItL5RIlXwSGFNEcLQFdfLgXkqvhJFS38gDZB%2FFbWAiEA142yOxZa5T28J4tXw6xShZJ2CiTD1MUHFC9PAtCsPIAquwUIGRAAGgw3OTY5NzM0ODExOTgiDEAZ2L3PR9iUUl6IhiqYBbZrL%2BGYoF5nL%2Fp8F8Akj9%2Bmxx6vWqpRi%2FSHcbSUwHyVTg7a5DG2kHt1y4ZRj865JRn9mZ94Lw1Hxqwarzi0eukM%2Bxli1b7bQL4m9ggwfYDH57JTc610gnpwZdYkpJ4uGxk0KOz1SL%2BD%2BzvKYfjnZyNqTLE0IAa2rsUk5RgyzKLKhGlkXe%2FJtuBlNJBqwDJwiOo6AiFeKUTkaMRbrmeXoRFndwmFdk%2Fde1PmNRIXoyZY13m%2BOec6hImfhG6JvToyHBC64%2B5Cups3hnPPgKIICWryFlus4fTiNbIgBiB1OnFLyj64Eya0PnZ%2FfSjBWHx3AYKxpHuiY7UsMSBdT5agdjDI5dPAzOYOdHDXFqTlOMA6QwOvRLvmq4qMnwrBfqVdU3x%2FxCYVkwDmGLcT8pJc0X5M1rpKExz6bFzwPB8GkQsJPH1uGF5fjmhSub7oredie9%2BKpFNZL21I2Qv0CUSvDmPAVU%2F8giO41BYdQkQG12c%2FRs18ZhSW3oUE%2BJ1%2BBGzR9WTlozgP3OHLYmSophnb8hauj%2FCuaAYYLkVW9fu9vudiIFysm8%2BJQOn6IRdIqomGC1b%2BmNZ3ikqyoF8YDU6ofB6Z69mnKjBKLziMoII%2FEQoWVz2xc15f147cYraDbBz4YbCDbkn6fl%2BHzQ8fyCUVlvVBCpZshFWPZAHF3jeCQv5M%2FLH1ysuknpIkUG%2BuFS3YBwrFsBhwj1klkHjBTagrzUDEUrlBhPrlu0MAlEZJqMYTgukI%2Fes5DE7arJOt9dFhCg%2B2QB0R8CGUqWFAiZ%2B9aVPxuBIAD0q4IPww0FGWwurM6UablePyLSUR5F8r8sIUi3LHuM79kbKFSzuQNFot%2BoeWDEbXn7n0TwmXX6Fgj%2Fse9AHh3q8zzTIw38GXzwY6sQFvLWlFPz7X16qqEqvvpTEKRqBhP8a6FGb7OMC3400LC88cPsAbS4HHeTyExetD8t9D6qEGV30D27cQRo459bt4KAfAL1C%2FcnLk%2Fmgz3Xd%2BdC6Cd4cJcTBZeYmhgOWNq0BPNck52QDoj59uVxgMRqiwvd6R8DY4aeUoN2g6VPXUJjtKL7lK0IDOM%2FGybDjIr05A%2BJ07WgALH67nbqR%2BgdYq9OztLbREmfXNZcNLe75ZNms%3D&Expires=1776680488,2025-07-29-14-06-23_679169259184_VOICE_9b06baf9-a18a-4806-b7e9-f24f93c2e079,2026-04-20T09:21:28.208422+00:00
331298,679169282597,,,18776824727,3538948,2025-07-29-14-28-00_679169282597_VOICE_fae776f3-c5ef-4216-8e75-1f576c020de0.mp4,s3://bucket-cx-insightshub-engine-deployment/audio_files/2025-07-29-14-28-00_679169282597_VOICE_fae776f3-c5ef-4216-8e75-1f576c020de0.mp4,https://bucket-cx-insightshub-engine-deployment.s3.amazonaws.com/audio_files/2025-07-29-14-28-00_679169282597_VOICE_fae776f3-c5ef-4216-8e75-1f576c020de0.mp4?AWSAccessKeyId=ASIA3TD2SHTXD5R2BAF6&Signature=nFAJVCwxUEgCjUw21YB9PH1S5Ag%3D&x-amz-security-token=IQoJb3JpZ2luX2VjEFEaCXVzLWVhc3QtMSJHMEUCIBCMItL5RIlXwSGFNEcLQFdfLgXkqvhJFS38gDZB%2FFbWAiEA142yOxZa5T28J4tXw6xShZJ2CiTD1MUHFC9PAtCsPIAquwUIGRAAGgw3OTY5NzM0ODExOTgiDEAZ2L3PR9iUUl6IhiqYBbZrL%2BGYoF5nL%2Fp8F8Akj9%2Bmxx6vWqpRi%2FSHcbSUwHyVTg7a5DG2kHt1y4ZRj865JRn9mZ94Lw1Hxqwarzi0eukM%2Bxli1b7bQL4m9ggwfYDH57JTc610gnpwZdYkpJ4uGxk0KOz1SL%2BD%2BzvKYfjnZyNqTLE0IAa2rsUk5RgyzKLKhGlkXe%2FJtuBlNJBqwDJwiOo6AiFeKUTkaMRbrmeXoRFndwmFdk%2Fde1PmNRIXoyZY13m%2BOec6hImfhG6JvToyHBC64%2B5Cups3hnPPgKIICWryFlus4fTiNbIgBiB1OnFLyj64Eya0PnZ%2FfSjBWHx3AYKxpHuiY7UsMSBdT5agdjDI5dPAzOYOdHDXFqTlOMA6QwOvRLvmq4qMnwrBfqVdU3x%2FxCYVkwDmGLcT8pJc0X5M1rpKExz6bFzwPB8GkQsJPH1uGF5fjmhSub7oredie9%2BKpFNZL21I2Qv0CUSvDmPAVU%2F8giO41BYdQkQG12c%2FRs18ZhSW3oUE%2BJ1%2BBGzR9WTlozgP3OHLYmSophnb8hauj%2FCuaAYYLkVW9fu9vudiIFysm8%2BJQOn6IRdIqomGC1b%2BmNZ3ikqyoF8YDU6ofB6Z69mnKjBKLziMoII%2FEQoWVz2xc15f147cYraDbBz4YbCDbkn6fl%2BHzQ8fyCUVlvVBCpZshFWPZAHF3jeCQv5M%2FLH1ysuknpIkUG%2BuFS3YBwrFsBhwj1klkHjBTagrzUDEUrlBhPrlu0MAlEZJqMYTgukI%2Fes5DE7arJOt9dFhCg%2B2QB0R8CGUqWFAiZ%2B9aVPxuBIAD0q4IPww0FGWwurM6UablePyLSUR5F8r8sIUi3LHuM79kbKFSzuQNFot%2BoeWDEbXn7n0TwmXX6Fgj%2Fse9AHh3q8zzTIw38GXzwY6sQFvLWlFPz7X16qqEqvvpTEKRqBhP8a6FGb7OMC3400LC88cPsAbS4HHeTyExetD8t9D6qEGV30D27cQRo459bt4KAfAL1C%2FcnLk%2Fmgz3Xd%2BdC6Cd4cJcTBZeYmhgOWNq0BPNck52QDoj59uVxgMRqiwvd6R8DY4aeUoN2g6VPXUJjtKL7lK0IDOM%2FGybDjIr05A%2BJ07WgALH67nbqR%2BgdYq9OztLbREmfXNZcNLe75ZNms%3D&Expires=1776680488,2025-07-29-14-28-00_679169282597_VOICE_fae776f3-c5ef-4216-8e75-1f576c020de0,2026-04-20T09:21:28.208422+00:00
331298,679169296415,,,18776824727,3507885,2025-07-29-14-39-00_679169296415_VOICE_eaaa8241-c6dd-4316-b74f-2c94fe201b32.mp4,s3://bucket-cx-insightshub-engine-deployment/audio_files/2025-07-29-14-39-00_679169296415_VOICE_eaaa8241-c6dd-4316-b74f-2c94fe201b32.mp4,https://bucket-cx-insightshub-engine-deployment.s3.amazonaws.com/audio_files/2025-07-29-14-39-00_679169296415_VOICE_eaaa8241-c6dd-4316-b74f-2c94fe201b32.mp4?AWSAccessKeyId=ASIA3TD2SHTXD5R2BAF6&Signature=T5Sy6Oc8VtQ0PN2JZQkPF9%2BdmjQ%3D&x-amz-security-token=IQoJb3JpZ2luX2VjEFEaCXVzLWVhc3QtMSJHMEUCIBCMItL5RIlXwSGFNEcLQFdfLgXkqvhJFS38gDZB%2FFbWAiEA142yOxZa5T28J4tXw6xShZJ2CiTD1MUHFC9PAtCsPIAquwUIGRAAGgw3OTY5NzM0ODExOTgiDEAZ2L3PR9iUUl6IhiqYBbZrL%2BGYoF5nL%2Fp8F8Akj9%2Bmxx6vWqpRi%2FSHcbSUwHyVTg7a5DG2kHt1y4ZRj865JRn9mZ94Lw1Hxqwarzi0eukM%2Bxli1b7bQL4m9ggwfYDH57JTc610gnpwZdYkpJ4uGxk0KOz1SL%2BD%2BzvKYfjnZyNqTLE0IAa2rsUk5RgyzKLKhGlkXe%2FJtuBlNJBqwDJwiOo6AiFeKUTkaMRbrmeXoRFndwmFdk%2Fde1PmNRIXoyZY13m%2BOec6hImfhG6JvToyHBC64%2B5Cups3hnPPgKIICWryFlus4fTiNbIgBiB1OnFLyj64Eya0PnZ%2FfSjBWHx3AYKxpHuiY7UsMSBdT5agdjDI5dPAzOYOdHDXFqTlOMA6QwOvRLvmq4qMnwrBfqVdU3x%2FxCYVkwDmGLcT8pJc0X5M1rpKExz6bFzwPB8GkQsJPH1uGF5fjmhSub7oredie9%2BKpFNZL21I2Qv0CUSvDmPAVU%2F8giO41BYdQkQG12c%2FRs18ZhSW3oUE%2BJ1%2BBGzR9WTlozgP3OHLYmSophnb8hauj%2FCuaAYYLkVW9fu9vudiIFysm8%2BJQOn6IRdIqomGC1b%2BmNZ3ikqyoF8YDU6ofB6Z69mnKjBKLziMoII%2FEQoWVz2xc15f147cYraDbBz4YbCDbkn6fl%2BHzQ8fyCUVlvVBCpZshFWPZAHF3jeCQv5M%2FLH1ysuknpIkUG%2BuFS3YBwrFsBhwj1klkHjBTagrzUDEUrlBhPrlu0MAlEZJqMYTgukI%2Fes5DE7arJOt9dFhCg%2B2QB0R8CGUqWFAiZ%2B9aVPxuBIAD0q4IPww0FGWwurM6UablePyLSUR5F8r8sIUi3LHuM79kbKFSzuQNFot%2BoeWDEbXn7n0TwmXX6Fgj%2Fse9AHh3q8zzTIw38GXzwY6sQFvLWlFPz7X16qqEqvvpTEKRqBhP8a6FGb7OMC3400LC88cPsAbS4HHeTyExetD8t9D6qEGV30D27cQRo459bt4KAfAL1C%2FcnLk%2Fmgz3Xd%2BdC6Cd4cJcTBZeYmhgOWNq0BPNck52QDoj59uVxgMRqiwvd6R8DY4aeUoN2g6VPXUJjtKL7lK0IDOM%2FGybDjIr05A%2BJ07WgALH67nbqR%2BgdYq9OztLbREmfXNZcNLe75ZNms%3D&Expires=1776680488,2025-07-29-14-39-00_679169296415_VOICE_eaaa8241-c6dd-4316-b74f-2c94fe201b32,2026-04-20T09:21:28.208422+00:00
