transcriptId,jobId,L2 Clusters,L3 Intents,L1 Cluster,transcript_complexity,Complexity (score out of 10),resolution,resolutionDescription,transcriptId.1,clusteringOutput,addedOn,Complexity Bucket,Complexity_level_bucket,AHT (mins),Aht_bucket,Proposed_for_Automation,Proposed_of_automation,Proposed_,AHT_Level,Complexity_Level,AHT_Complexity_Segment,AHT_Intent_Alignment
696df4fd459d6714849b6fa6,CXJ-960,internetConnectionIssue,modemMalfunction,deviceConfiguration,-1.0,-1.0,technicianScheduled,A technician was scheduled to visit the customer's location to resolve the issue.,75,"[{'closest_other_cluster_name': 'None', 'cluster': -1, 'embedding_input': 'modemMalfunction:Modem malfunction refers to the improper functioning of a modem, causing connectivity issues.', 'prob_cluster_belonging': 0.0, 'closest_other_cluster': None, 'distance_to_other_cluster': None, 'umap_embedding': 'ComingSoon'}]",1768813821,Low,1. Low Complexity,14,3. High AHT,Yes,1,Volume - Potential Transformation Opportunity,Low AHT,-1.0,Low AHT | -1.0,Review
696df4fd459d6714849b6fef,CXJ-960,claimSetup,accidentDamage,physicalDamage,,5.7,assignAdjuster,An adjuster will reach out within 24-48 hours to discuss the next steps.,50,"[{'closest_other_cluster_name': 'liquidDamage', 'cluster': 4, 'embedding_input': 'accidentDamage:Accident damage refers to physical harm or destruction caused to a vehicle as a result of a collision or crash.', 'prob_cluster_belonging': 1.0, 'closest_other_cluster': 3, 'distance_to_other_cluster': 0.3794, 'umap_embedding': 'ComingSoon'}]",1768813821,Low,1. Low Complexity,14,3. High AHT,Yes,1,Volume - Potential Transformation Opportunity,Low AHT,Nan,Low AHT | Nan,Review
696df4fd459d6714849b6fa0,CXJ-960,audioIssue,driverReinstallation,driverUpdate,,5.8,audioRestored,"The agent guided the customer to reinstall the audio driver, which resolved the audio issue.",1,"[{'closest_other_cluster_name': 'softwareUpdate', 'cluster': 5, 'embedding_input': 'driverReinstallation:Driver reinstallation refers to the process of uninstalling and then reinstalling a device driver to resolve hardware or software issues.', 'prob_cluster_belonging': 1.0, 'closest_other_cluster': 6, 'distance_to_other_cluster': 0.3325, 'umap_embedding': 'ComingSoon'}]",1768813821,Low,1. Low Complexity,7,2. Medium AHT,Yes,1,Volume - Potential Transformation Opportunity,Low AHT,Nan,Low AHT | Nan,Review
696df4fd459d6714849b6fa1,CXJ-960,touchpadIssue,driverReinstallation,driverUpdate,5.8,5.8,driverReinstalled,"The agent guided the customer to uninstall and reinstall the touchpad driver, resolving the issue.",23,"[{'closest_other_cluster_name': 'softwareUpdate', 'cluster': 5, 'embedding_input': 'driverReinstallation:Driver reinstallation refers to the process of uninstalling and then reinstalling a device driver to resolve hardware or software issues.', 'prob_cluster_belonging': 1.0, 'closest_other_cluster': 6, 'distance_to_other_cluster': 0.3325, 'umap_embedding': 'ComingSoon'}]",1768813821,Low,1. Low Complexity,12,2. Medium AHT,Yes,1,Volume - Potential Transformation Opportunity,Low AHT,5.8,Low AHT | 5.8,Review
696df4fd459d6714849b6fa2,CXJ-960,accountRetention,appGlitches,deviceConfiguration,-1.0,-1.0,customizedPackageOffer,The agent offered a customized package with a discount and extra features to retain the customer.,2,"[{'closest_other_cluster_name': 'None', 'cluster': -1, 'embedding_input': 'appGlitches:App glitches refer to issues where the application freezes, crashes, or fails to open, causing user frustration.', 'prob_cluster_belonging': 0.0, 'closest_other_cluster': None, 'distance_to_other_cluster': None, 'umap_embedding': 'ComingSoon'}]",1768813821,Low,1. Low Complexity,14,3. High AHT,Yes,1,Volume - Potential Transformation Opportunity,Low AHT,-1.0,Low AHT | -1.0,Review
696df4fd459d6714849b6fa3,CXJ-960,batteryReplacement,batteryIssue,deviceConfiguration,-1.0,-1.0,processReplacement,The agent processed a replacement request for the customer's laptop battery.,8,"[{'closest_other_cluster_name': 'None', 'cluster': -1, 'embedding_input': ""batteryIssue:Battery issue refers to problems related to the battery's performance, such as not holding a charge."", 'prob_cluster_belonging': 0.0, 'closest_other_cluster': None, 'distance_to_other_cluster': None, 'umap_embedding': 'ComingSoon'}]",1768813821,Low,1. Low Complexity,17,3. High AHT,Yes,1,Volume - Potential Transformation Opportunity,Low AHT,-1.0,Low AHT | -1.0,Review
696df4fd459d6714849b6fa4,CXJ-960,routerSetup,setupAssistance,deviceConfiguration,-1.0,-1.0,setupCompleted,"The agent guided the customer through the setup process, and the setup was successfully completed.",20,"[{'closest_other_cluster_name': 'None', 'cluster': -1, 'embedding_input': 'setupAssistance:Setup assistance refers to the guidance provided to help a customer configure and set up a device or service.', 'prob_cluster_belonging': 0.0, 'closest_other_cluster': None, 'distance_to_other_cluster': None, 'umap_embedding': 'ComingSoon'}]",1768813821,Low,1. Low Complexity,11,2. Medium AHT,Yes,1,Volume - Potential Transformation Opportunity,Low AHT,-1.0,Low AHT | -1.0,Review
696df4fd459d6714849b6fa5,CXJ-960,audioRestoration,wrongDeviceSetting,deviceConfiguration,-1.0,-1.0,deviceSettingCorrected,The agent corrected the audio output device setting to resolve the sound issue.,32,"[{'closest_other_cluster_name': 'None', 'cluster': -1, 'embedding_input': 'wrongDeviceSetting:Wrong device setting refers to the incorrect configuration of the audio output device, causing sound issues.', 'prob_cluster_belonging': 0.0, 'closest_other_cluster': None, 'distance_to_other_cluster': None, 'umap_embedding': 'ComingSoon'}]",1768813821,Low,1. Low Complexity,3,1. Low AHT,No,0,Volume - Rest,Low AHT,-1.0,Low AHT | -1.0,Review
696df4fd459d6714849b6fa7,CXJ-960,audioIssue,speakerMalfunction,audioFailure,,6.0,escalateSupport,The issue was escalated to the advanced technical support team for further assistance.,3,"[{'closest_other_cluster_name': 'audioOutputFailure', 'cluster': 14, 'embedding_input': 'speakerMalfunction:Speaker malfunction refers to a situation where the built-in speakers of a device fail to produce sound.', 'prob_cluster_belonging': 1.0, 'closest_other_cluster': 15, 'distance_to_other_cluster': 0.3491, 'umap_embedding': 'ComingSoon'}]",1768813821,Low,1. Low Complexity,3,1. Low AHT,No,0,Volume - Rest,Low AHT,Nan,Low AHT | Nan,Review
696df4fd459d6714849b6fa8,CXJ-960,audioRestored,speakerMalfunction,audioFailure,6.0,6.0,issueEscalation,The issue was escalated to the advanced technical support team for further assistance.,9,"[{'closest_other_cluster_name': 'audioOutputFailure', 'cluster': 14, 'embedding_input': 'speakerMalfunction:Speaker malfunction refers to a situation where the audio output device, such as external speakers, fails to produce sound.', 'prob_cluster_belonging': 1.0, 'closest_other_cluster': 15, 'distance_to_other_cluster': 0.3491, 'umap_embedding': 'ComingSoon'}]",1768813821,Low,1. Low Complexity,7,2. Medium AHT,Yes,1,Volume - Potential Transformation Opportunity,Low AHT,6.0,Low AHT | 6.0,Review
696df4fd459d6714849b6fa9,CXJ-960,servicePerformance,serverIssue,serverFailure,7.5,7.66,issueResolved,"The agent resolved the temporary server issue, restoring normal service performance.",4,"[{'closest_other_cluster_name': 'hardwareFailure', 'cluster': 10, 'embedding_input': 'serverIssue:Server issue refers to problems or disruptions in the server that affect the performance and availability of a service.', 'prob_cluster_belonging': 0.0, 'closest_other_cluster': 12, 'distance_to_other_cluster': 0.556, 'umap_embedding': 'ComingSoon'}]",1768813821,Medium,2. Medium Complexity,17,3. High AHT,Yes,1,Volume - Potential Transformation Opportunity,Low AHT,7.5,Low AHT | 7.5,Review
696df4fd459d6714849b6faa,CXJ-960,accountIssue,serverIssue,serverFailure,8.100000000000001,7.66,applyDiscount,The agent offered and applied a 20% discount on the customer's next month's subscription.,10,"[{'closest_other_cluster_name': 'hardwareFailure', 'cluster': 10, 'embedding_input': 'serverIssue:A server issue refers to a problem with the server that affects the performance or availability of a service.', 'prob_cluster_belonging': 0.0, 'closest_other_cluster': 12, 'distance_to_other_cluster': 0.556, 'umap_embedding': 'ComingSoon'}]",1768813821,Medium,2. Medium Complexity,13,3. High AHT,Yes,1,Volume - Potential Transformation Opportunity,Low AHT,8.100000000000001,Low AHT | 8.100000000000001,Review
696df4fd459d6714849b6fab,CXJ-960,audioRestoration,serverIssue,serverFailure,7.6,7.66,issueEscalation,The agent escalated the issue to the technical team for further investigation and resolution.,12,"[{'closest_other_cluster_name': 'hardwareFailure', 'cluster': 10, 'embedding_input': 'serverIssue:A server issue refers to a problem or malfunction occurring on the server side, affecting the performance or functionality of services dependent on that server.', 'prob_cluster_belonging': 0.0, 'closest_other_cluster': 12, 'distance_to_other_cluster': 0.556, 'umap_embedding': 'ComingSoon'}]",1768813821,Medium,2. Medium Complexity,11,2. Medium AHT,No,0,Volume - Rest,Low AHT,7.6,Low AHT | 7.6,Review
696df4fd459d6714849b6fac,CXJ-960,audioQuality,serverIssue,serverFailure,,7.66,issueEscalation,The agent escalated the issue to the technical team for resolution.,48,"[{'closest_other_cluster_name': 'hardwareFailure', 'cluster': 10, 'embedding_input': 'serverIssue:A server issue refers to a problem or malfunction occurring on the server side, affecting the performance or functionality of a service.', 'prob_cluster_belonging': 1.0, 'closest_other_cluster': 12, 'distance_to_other_cluster': 0.556, 'umap_embedding': 'ComingSoon'}]",1768813821,Medium,2. Medium Complexity,3,1. Low AHT,No,0,Volume - Rest,Low AHT,Nan,Low AHT | Nan,Review
696df4fd459d6714849b6fad,CXJ-960,audioQuality,serverIssue,serverFailure,7.4,7.66,issueEscalation,The agent escalated the issue to the technical team for resolution.,51,"[{'closest_other_cluster_name': 'hardwareFailure', 'cluster': 10, 'embedding_input': 'serverIssue:A server issue refers to a problem or malfunction occurring on the server side, affecting the performance or functionality of a service.', 'prob_cluster_belonging': 1.0, 'closest_other_cluster': 12, 'distance_to_other_cluster': 0.556, 'umap_embedding': 'ComingSoon'}]",1768813821,Medium,2. Medium Complexity,12,2. Medium AHT,No,0,Volume - Rest,Low AHT,7.4,Low AHT | 7.4,Review
696df4fd459d6714849b6fae,CXJ-960,audioQuality,serverIssue,serverFailure,7.6,7.66,issueEscalation,The agent escalated the issue to the technical team for resolution.,76,"[{'closest_other_cluster_name': 'hardwareFailure', 'cluster': 10, 'embedding_input': 'serverIssue:Server issue refers to problems or malfunctions occurring on the server side, affecting the performance or functionality of services.', 'prob_cluster_belonging': 0.0, 'closest_other_cluster': 12, 'distance_to_other_cluster': 0.556, 'umap_embedding': 'ComingSoon'}]",1768813821,Medium,2. Medium Complexity,3,1. Low AHT,No,0,Volume - Rest,Low AHT,7.6,Low AHT | 7.6,Review
696df4fd459d6714849b6faf,CXJ-960,audioQuality,serverIssue,serverFailure,7.9,7.66,callQualityTest,The agent guided the customer through a call quality test to ensure the issue was resolved.,92,"[{'closest_other_cluster_name': 'hardwareFailure', 'cluster': 10, 'embedding_input': 'serverIssue:A server issue refers to a problem or malfunction occurring on the server side, affecting the performance or functionality of services.', 'prob_cluster_belonging': 0.0, 'closest_other_cluster': 12, 'distance_to_other_cluster': 0.556, 'umap_embedding': 'ComingSoon'}]",1768813821,Medium,2. Medium Complexity,13,3. High AHT,Yes,1,Volume - Potential Transformation Opportunity,Low AHT,7.9,Low AHT | 7.9,Review
696df4fd459d6714849b6fb0,CXJ-960,audioQuality,serverIssue,serverFailure,7.5,7.66,accountReset,The agent reset the customer's account to resolve the audio quality issue.,94,"[{'closest_other_cluster_name': 'hardwareFailure', 'cluster': 10, 'embedding_input': 'serverIssue:A server issue refers to a problem or malfunction occurring on the server side, which can affect the performance and quality of services provided to users.', 'prob_cluster_belonging': 0.0, 'closest_other_cluster': 12, 'distance_to_other_cluster': 0.556, 'umap_embedding': 'ComingSoon'}]",1768813821,Medium,2. Medium Complexity,17,3. High AHT,Yes,1,Volume - Potential Transformation Opportunity,Low AHT,7.5,Low AHT | 7.5,Review
696df4fd459d6714849b6fb1,CXJ-960,softwareIssue,softwareCrash,softwareConflict,6.4,6.65,workaroundProvided,The agent provided a temporary workaround to the customer until the patch is released.,5,"[{'closest_other_cluster_name': 'softwareFreezing', 'cluster': 7, 'embedding_input': 'softwareCrash:Software crash refers to a situation where a software application stops functioning and closes unexpectedly.', 'prob_cluster_belonging': 0.4364070081770719, 'closest_other_cluster': 8, 'distance_to_other_cluster': 0.3929, 'umap_embedding': 'ComingSoon'}]",1768813821,Low,1. Low Complexity,5,2. Medium AHT,Yes,1,Volume - Potential Transformation Opportunity,Low AHT,6.4,Low AHT | 6.4,Review
696df4fd459d6714849b6fb2,CXJ-960,audioIssue,softwareConflict,softwareConflict,6.7,6.65,issueEscalation,The agent escalated the issue to the advanced technical support team for further assistance.,24,"[{'closest_other_cluster_name': 'softwareFreezing', 'cluster': 7, 'embedding_input': 'softwareConflict:Software conflict refers to issues that arise when newly installed software interferes with existing system drivers or applications, causing malfunctions.', 'prob_cluster_belonging': 1.0, 'closest_other_cluster': 8, 'distance_to_other_cluster': 0.3929, 'umap_embedding': 'ComingSoon'}]",1768813821,Low,1. Low Complexity,4,1. Low AHT,No,0,Volume - Rest,Low AHT,6.7,Low AHT | 6.7,Review
696df4fd459d6714849b6fb3,CXJ-960,softwareIssue,pluginConflict,softwareConflict,6.600000000000001,6.65,pluginDisabled,The agent disabled the conflicting plugin to resolve the software freezing issue.,45,"[{'closest_other_cluster_name': 'softwareFreezing', 'cluster': 7, 'embedding_input': 'pluginConflict:Plugin conflict refers to a situation where a software plugin causes issues or malfunctions within the main application, often due to incompatibility or errors.', 'prob_cluster_belonging': 0.4754221735620142, 'closest_other_cluster': 8, 'distance_to_other_cluster': 0.3929, 'umap_embedding': 'ComingSoon'}]",1768813821,Low,1. Low Complexity,15,3. High AHT,Yes,1,Volume - Potential Transformation Opportunity,Low AHT,6.600000000000001,Low AHT | 6.600000000000001,Review
696df4fd459d6714849b6fb4,CXJ-960,softwareIssue,softwareConflict,softwareConflict,6.899999999999999,6.65,disableAntivirus,The agent instructed the customer to disable the antivirus software to resolve the conflict.,71,"[{'closest_other_cluster_name': 'softwareFreezing', 'cluster': 7, 'embedding_input': ""softwareConflict:Software conflict refers to a situation where two or more software programs interfere with each other's operation, causing issues such as freezing or crashing."", 'prob_cluster_belonging': 1.0, 'closest_other_cluster': 8, 'distance_to_other_cluster': 0.3929, 'umap_embedding': 'ComingSoon'}]",1768813821,Low,1. Low Complexity,7,2. Medium AHT,Yes,1,Volume - Potential Transformation Opportunity,Low AHT,6.899999999999999,Low AHT | 6.899999999999999,Review
696df4fd459d6714849b6fb5,CXJ-960,hardwareIssue,keyboardScreenMalfunction,keyboardMalfunction,6.3,6.15,issueEscalation,The agent escalated the issue to a supervisor for further assistance and resolution.,6,"[{'closest_other_cluster_name': 'hardwareFailure', 'cluster': 13, 'embedding_input': 'keyboardScreenMalfunction:Keyboard and screen malfunction refers to issues where the keyboard is unresponsive and the screen flickers, indicating potential hardware problems.', 'prob_cluster_belonging': 1.0, 'closest_other_cluster': 12, 'distance_to_other_cluster': 0.3762, 'umap_embedding': 'ComingSoon'}]",1768813821,Low,1. Low Complexity,13,3. High AHT,Yes,1,Volume - Potential Transformation Opportunity,Low AHT,6.3,Low AHT | 6.3,Review
696df4fd459d6714849b6fb6,CXJ-960,keyboardIssue,keyboardMalfunction,keyboardMalfunction,6.0,6.15,driverUpdate,The agent guided the customer through updating the keyboard drivers to resolve the issue.,7,"[{'closest_other_cluster_name': 'hardwareFailure', 'cluster': 13, 'embedding_input': 'keyboardMalfunction:Keyboard malfunction refers to the improper functioning of a keyboard, where keys may not register or may register multiple times when pressed.', 'prob_cluster_belonging': 1.0, 'closest_other_cluster': 12, 'distance_to_other_cluster': 0.3762, 'umap_embedding': 'ComingSoon'}]",1768813821,Low,1. Low Complexity,17,3. High AHT,Yes,1,Volume - Potential Transformation Opportunity,Low AHT,6.0,Low AHT | 6.0,Review
696df4fd459d6714849b6fb7,CXJ-960,touchpadIssue,hardwareIssue,hardwareFailure,7.7,7.37,issueEscalation,The issue was escalated to the advanced technical support team for further assistance.,11,"[{'closest_other_cluster_name': 'keyboardMalfunction', 'cluster': 12, 'embedding_input': 'hardwareIssue:A hardware issue refers to a malfunction or failure of a physical component in a device, such as a touchpad, that prevents it from functioning correctly.', 'prob_cluster_belonging': 0.0, 'closest_other_cluster': 13, 'distance_to_other_cluster': 0.3762, 'umap_embedding': 'ComingSoon'}]",1768813821,Medium,2. Medium Complexity,13,3. High AHT,Yes,1,Volume - Potential Transformation Opportunity,Low AHT,7.7,Low AHT | 7.7,Review
696df4fd459d6714849b6fb8,CXJ-960,batteryIssue,hardwareIssue,hardwareFailure,,7.37,replacementBattery,The agent is sending a replacement battery to the customer within 3-5 business days.,22,"[{'closest_other_cluster_name': 'keyboardMalfunction', 'cluster': 12, 'embedding_input': ""hardwareIssue:A hardware issue refers to a malfunction or defect in the physical components of a device, such as a phone's battery."", 'prob_cluster_belonging': 0.0, 'closest_other_cluster': 13, 'distance_to_other_cluster': 0.3762, 'umap_embedding': 'ComingSoon'}]",1768813821,Medium,2. Medium Complexity,5,1. Low AHT,No,0,Volume - Rest,Low AHT,Nan,Low AHT | Nan,Review
696df4fd459d6714849b6fb9,CXJ-960,keyboardIssue,hardwareIssue,hardwareFailure,,7.37,temporaryReplacement,The agent arranged for a temporary replacement laptop to be sent to the customer.,47,"[{'closest_other_cluster_name': 'keyboardMalfunction', 'cluster': 12, 'embedding_input': 'hardwareIssue:A hardware issue refers to a malfunction or failure in the physical components of a device, such as a keyboard.', 'prob_cluster_belonging': 1.0, 'closest_other_cluster': 13, 'distance_to_other_cluster': 0.3762, 'umap_embedding': 'ComingSoon'}]",1768813821,Medium,2. Medium Complexity,15,3. High AHT,Yes,1,Volume - Potential Transformation Opportunity,Low AHT,Nan,Low AHT | Nan,Review
696df4fd459d6714849b6fba,CXJ-960,keyboardIssue,hardwareIssue,hardwareFailure,7.3,7.37,serviceRequest,The agent created a service request for repair or replacement of the keyboard.,63,"[{'closest_other_cluster_name': 'keyboardMalfunction', 'cluster': 12, 'embedding_input': 'hardwareIssue:A hardware issue refers to a malfunction or failure of a physical component within a device, such as a keyboard.', 'prob_cluster_belonging': 0.0, 'closest_other_cluster': 13, 'distance_to_other_cluster': 0.3762, 'umap_embedding': 'ComingSoon'}]",1768813821,Medium,2. Medium Complexity,5,1. Low AHT,No,0,Volume - Rest,Low AHT,7.3,Low AHT | 7.3,Review
696df4fd459d6714849b6fbb,CXJ-960,keyboardIssue,hardwareIssue,hardwareFailure,7.1,7.37,escalateSupport,The agent escalated the issue to the advanced technical support team for further assistance.,67,"[{'closest_other_cluster_name': 'keyboardMalfunction', 'cluster': 12, 'embedding_input': 'hardwareIssue:A hardware issue refers to a malfunction or failure in the physical components of a device, such as a keyboard, that prevents it from functioning correctly.', 'prob_cluster_belonging': 0.0, 'closest_other_cluster': 13, 'distance_to_other_cluster': 0.3762, 'umap_embedding': 'ComingSoon'}]",1768813821,Medium,2. Medium Complexity,7,2. Medium AHT,No,0,Volume - Rest,Low AHT,7.1,Low AHT | 7.1,Review
696df4fd459d6714849b6fbc,CXJ-960,keyboardIssue,hardwareIssue,hardwareFailure,7.4,7.37,repairOrderSetup,The agent set up a repair order to fix the customer's laptop keyboard issue.,88,"[{'closest_other_cluster_name': 'keyboardMalfunction', 'cluster': 12, 'embedding_input': 'hardwareIssue:A hardware issue refers to a malfunction or failure in the physical components of a device, such as a keyboard.', 'prob_cluster_belonging': 1.0, 'closest_other_cluster': 13, 'distance_to_other_cluster': 0.3762, 'umap_embedding': 'ComingSoon'}]",1768813821,Medium,2. Medium Complexity,3,1. Low AHT,No,0,Volume - Rest,Low AHT,7.4,Low AHT | 7.4,Review
696df4fd459d6714849b6fbd,CXJ-960,keyboardIssue,hardwareIssue,hardwareFailure,7.6,7.37,repairOrderSetup,The agent set up a repair order for the customer's laptop and provided a prepaid return shipping label.,89,"[{'closest_other_cluster_name': 'keyboardMalfunction', 'cluster': 12, 'embedding_input': 'hardwareIssue:A hardware issue refers to a malfunction or failure in the physical components of a device, such as a keyboard.', 'prob_cluster_belonging': 1.0, 'closest_other_cluster': 13, 'distance_to_other_cluster': 0.3762, 'umap_embedding': 'ComingSoon'}]",1768813821,Medium,2. Medium Complexity,17,3. High AHT,Yes,1,Volume - Potential Transformation Opportunity,Low AHT,7.6,Low AHT | 7.6,Review
696df4fd459d6714849b6fbe,CXJ-960,keyboardIssue,hardwareIssue,hardwareFailure,7.1,7.37,escalateSupport,The agent escalated the issue to the advanced technical support team for further assistance.,93,"[{'closest_other_cluster_name': 'keyboardMalfunction', 'cluster': 12, 'embedding_input': 'hardwareIssue:A hardware issue refers to a malfunction or failure in the physical components of a device, such as a keyboard.', 'prob_cluster_belonging': 1.0, 'closest_other_cluster': 13, 'distance_to_other_cluster': 0.3762, 'umap_embedding': 'ComingSoon'}]",1768813821,Medium,2. Medium Complexity,4,1. Low AHT,No,0,Volume - Rest,Low AHT,7.1,Low AHT | 7.1,Review
696df4fd459d6714849b6fbf,CXJ-960,accountAccess,accountLock,accountAccess,7.1,6.83,passwordReset,The agent reset the customer's password and provided a temporary one for immediate access.,13,"[{'closest_other_cluster_name': 'screenDamage', 'cluster': 0, 'embedding_input': 'accountLock:Account lock refers to the restriction of access to an account due to multiple incorrect login attempts or other security reasons.', 'prob_cluster_belonging': 0.0, 'closest_other_cluster': 9, 'distance_to_other_cluster': 0.7184, 'umap_embedding': 'ComingSoon'}]",1768813821,Low,1. Low Complexity,8,2. Medium AHT,Yes,1,Volume - Potential Transformation Opportunity,Low AHT,7.1,Low AHT | 7.1,Review
696df4fd459d6714849b6fc0,CXJ-960,accountAccess,passwordReset,accountAccess,7.0,6.83,issueEscalation,The agent escalated the issue to the advanced technical support team for further assistance.,25,"[{'closest_other_cluster_name': 'screenDamage', 'cluster': 0, 'embedding_input': ""passwordReset:Password reset refers to the process of changing or resetting a user's password to regain access to their account."", 'prob_cluster_belonging': 1.0, 'closest_other_cluster': 9, 'distance_to_other_cluster': 0.7184, 'umap_embedding': 'ComingSoon'}]",1768813821,Low,1. Low Complexity,8,2. Medium AHT,Yes,1,Volume - Potential Transformation Opportunity,Low AHT,7.0,Low AHT | 7.0,Review
696df4fd459d6714849b6fc1,CXJ-960,accountAccess,passwordReset,accountAccess,6.5,6.83,passwordReset,The agent reset the customer's password to resolve the access issue.,27,"[{'closest_other_cluster_name': 'screenDamage', 'cluster': 0, 'embedding_input': ""passwordReset:Password reset refers to the process of changing or updating a user's password to regain access to an account."", 'prob_cluster_belonging': 0.0, 'closest_other_cluster': 9, 'distance_to_other_cluster': 0.7184, 'umap_embedding': 'ComingSoon'}]",1768813821,Low,1. Low Complexity,15,3. High AHT,Yes,1,Volume - Potential Transformation Opportunity,Low AHT,6.5,Low AHT | 6.5,Review
696df4fd459d6714849b6fc2,CXJ-960,accountAccess,passwordReset,accountAccess,6.7,6.83,escalateSupport,The agent escalated the issue to the advanced technical support team for further assistance.,77,"[{'closest_other_cluster_name': 'screenDamage', 'cluster': 0, 'embedding_input': ""passwordReset:Password reset refers to the process of changing or resetting a user's password to regain access to their account."", 'prob_cluster_belonging': 1.0, 'closest_other_cluster': 9, 'distance_to_other_cluster': 0.7184, 'umap_embedding': 'ComingSoon'}]",1768813821,Low,1. Low Complexity,7,2. Medium AHT,Yes,1,Volume - Potential Transformation Opportunity,Low AHT,6.7,Low AHT | 6.7,Review
696df4fd459d6714849b6fc3,CXJ-960,batteryReplacement,batteryWornOut,batteryDepletion,6.4,6.3,processReplacement,The agent processed the replacement order for a new battery to be delivered in 3-5 business days.,14,"[{'closest_other_cluster_name': 'batteryDegradation', 'cluster': 19, 'embedding_input': 'batteryWornOut:Battery worn out refers to the condition where a laptop battery has degraded over time and can no longer hold a sufficient charge.', 'prob_cluster_belonging': 1.0, 'closest_other_cluster': 20, 'distance_to_other_cluster': 0.2503, 'umap_embedding': 'ComingSoon'}]",1768813821,Low,1. Low Complexity,2,1. Low AHT,No,0,Volume - Rest,Low AHT,6.4,Low AHT | 6.4,Review
696df4fd459d6714849b6fc4,CXJ-960,batteryIssue,batteryWornOut,batteryDepletion,6.1,6.3,replacementBattery,"The agent submitted a request for a replacement battery, with further instructions to follow via email.",15,"[{'closest_other_cluster_name': 'batteryDegradation', 'cluster': 19, 'embedding_input': ""batteryWornOut:Battery worn out refers to the condition where a phone's battery depletes rapidly due to aging or damage, requiring replacement."", 'prob_cluster_belonging': 0.9242913268803779, 'closest_other_cluster': 20, 'distance_to_other_cluster': 0.2503, 'umap_embedding': 'ComingSoon'}]",1768813821,Low,1. Low Complexity,10,2. Medium AHT,Yes,1,Volume - Potential Transformation Opportunity,Low AHT,6.1,Low AHT | 6.1,Review
696df4fd459d6714849b6fc5,CXJ-960,batteryIssue,batteryWornOut,batteryDepletion,6.4,6.3,sendCalibrationGuide,The agent will send a calibration guide to the customer to help address the battery issue.,35,"[{'closest_other_cluster_name': 'batteryDegradation', 'cluster': 19, 'embedding_input': ""batteryWornOut:Battery worn out refers to the natural degradation of a battery's capacity and performance over time due to regular use."", 'prob_cluster_belonging': 1.0, 'closest_other_cluster': 20, 'distance_to_other_cluster': 0.2503, 'umap_embedding': 'ComingSoon'}]",1768813821,Low,1. Low Complexity,8,2. Medium AHT,Yes,1,Volume - Potential Transformation Opportunity,Low AHT,6.4,Low AHT | 6.4,Review
696df4fd459d6714849b6fc6,CXJ-960,audioRestoration,internetConnectionIssue,networkConnectivity,7.6,7.8,routerSignalReset,The agent sent a signal to reset the customer's router to improve audio quality.,16,"[{'closest_other_cluster_name': 'networkConnection', 'cluster': 21, 'embedding_input': 'internetConnectionIssue:Internet connection issue refers to problems with the stability or speed of the internet service, affecting the performance of connected devices.', 'prob_cluster_belonging': 0.9864881045385593, 'closest_other_cluster': 22, 'distance_to_other_cluster': 0.2892, 'umap_embedding': 'ComingSoon'}]",1768813821,Medium,2. Medium Complexity,11,2. Medium AHT,No,0,Volume - Rest,Low AHT,7.6,Low AHT | 7.6,Review
696df4fd459d6714849b6fc7,CXJ-960,connectionIssue,internetConnectionIssue,networkConnectivity,7.9,7.8,signalSent,The agent sent a signal to the customer's router to resolve the internet connection issue.,33,"[{'closest_other_cluster_name': 'networkConnection', 'cluster': 21, 'embedding_input': 'internetConnectionIssue:Internet connection issue refers to problems with accessing or maintaining a stable internet connection, which can result in slow speeds or complete loss of connectivity.', 'prob_cluster_belonging': 1.0, 'closest_other_cluster': 22, 'distance_to_other_cluster': 0.2892, 'umap_embedding': 'ComingSoon'}]",1768813821,Medium,2. Medium Complexity,6,1. Low AHT,No,0,Volume - Rest,Low AHT,7.9,Low AHT | 7.9,Review
696df4fd459d6714849b6fc8,CXJ-960,routerSetup,internetConnectionIssue,networkConnectivity,7.9,7.8,routerConfiguration,The agent guided the customer through configuring the router settings to resolve the issue.,41,"[{'closest_other_cluster_name': 'networkConnection', 'cluster': 21, 'embedding_input': 'internetConnectionIssue:Internet connection issue refers to problems related to establishing or maintaining a stable internet connection.', 'prob_cluster_belonging': 1.0, 'closest_other_cluster': 22, 'distance_to_other_cluster': 0.2892, 'umap_embedding': 'ComingSoon'}]",1768813821,Medium,2. Medium Complexity,5,1. Low AHT,No,0,Volume - Rest,Low AHT,7.9,Low AHT | 7.9,Review
696df4fd459d6714849b6fc9,CXJ-960,connectionIssue,internetConnectionIssue,networkConnectivity,7.7,7.8,technicianScheduled,A technician was scheduled to visit the customer's location to investigate the connection issue.,55,"[{'closest_other_cluster_name': 'networkConnection', 'cluster': 21, 'embedding_input': 'internetConnectionIssue:Internet connection issue refers to problems with the speed, stability, or availability of an internet connection.', 'prob_cluster_belonging': 1.0, 'closest_other_cluster': 22, 'distance_to_other_cluster': 0.2892, 'umap_embedding': 'ComingSoon'}]",1768813821,Medium,2. Medium Complexity,4,1. Low AHT,No,0,Volume - Rest,Low AHT,7.7,Low AHT | 7.7,Review
696df4fd459d6714849b6fca,CXJ-960,connectionIssue,internetConnectionIssue,networkConnectivity,7.7,7.8,provideHotspot,The agent set up a mobile hotspot device to provide a more stable internet connection.,61,"[{'closest_other_cluster_name': 'networkConnection', 'cluster': 21, 'embedding_input': 'internetConnectionIssue:Internet connection issue refers to problems with the stability, speed, or availability of an internet connection.', 'prob_cluster_belonging': 1.0, 'closest_other_cluster': 22, 'distance_to_other_cluster': 0.2892, 'umap_embedding': 'ComingSoon'}]",1768813821,Medium,2. Medium Complexity,2,1. Low AHT,No,0,Volume - Rest,Low AHT,7.7,Low AHT | 7.7,Review
696df4fd459d6714849b6fcb,CXJ-960,connectionIssue,internetConnectionIssue,networkConnectivity,7.800000000000001,7.8,signalSent,The agent sent a signal to the customer's router to resolve the connection issue.,74,"[{'closest_other_cluster_name': 'networkConnection', 'cluster': 21, 'embedding_input': 'internetConnectionIssue:Internet connection issue refers to problems with the stability, speed, or availability of an internet connection.', 'prob_cluster_belonging': 1.0, 'closest_other_cluster': 22, 'distance_to_other_cluster': 0.2892, 'umap_embedding': 'ComingSoon'}]",1768813821,Medium,2. Medium Complexity,13,3. High AHT,Yes,1,Volume - Potential Transformation Opportunity,Low AHT,7.800000000000001,Low AHT | 7.800000000000001,Review
696df4fd459d6714849b6fcc,CXJ-960,connectionIssue,internetConnectionIssue,networkConnectivity,8.0,7.8,signalSent,The agent sent a signal to the customer's router to resolve the connection issue.,85,"[{'closest_other_cluster_name': 'networkConnection', 'cluster': 21, 'embedding_input': 'internetConnectionIssue:Internet connection issue refers to problems with maintaining a stable and consistent internet connection.', 'prob_cluster_belonging': 1.0, 'closest_other_cluster': 22, 'distance_to_other_cluster': 0.2892, 'umap_embedding': 'ComingSoon'}]",1768813821,Medium,2. Medium Complexity,13,3. High AHT,Yes,1,Volume - Potential Transformation Opportunity,Low AHT,8.0,Low AHT | 8.0,Review
696df4fd459d6714849b6fcd,CXJ-960,internetConnectionIssue,networkOutage,networkOutage,9.6,9.41,technicianScheduled,A technician has been scheduled to visit the customer's location to resolve the internet issue.,17,"[{'closest_other_cluster_name': 'networkConnectivity', 'cluster': 11, 'embedding_input': ""networkOutage:A network outage refers to a disruption in the internet service due to issues in the service provider's network, affecting multiple users in a specific area."", 'prob_cluster_belonging': 1.0, 'closest_other_cluster': 21, 'distance_to_other_cluster': 0.4084, 'umap_embedding': 'ComingSoon'}]",1768813821,High,3. High Complexity,8,2. Medium AHT,No,0,Volume - Rest,Low AHT,9.6,Low AHT | 9.6,Review
696df4fd459d6714849b6fce,CXJ-960,internetConnectionIssue,networkOutage,networkOutage,9.3,9.41,temporarySolutionProvided,The agent suggested using a mobile hotspot as a temporary solution until the network outage is resolved.,26,"[{'closest_other_cluster_name': 'networkConnectivity', 'cluster': 11, 'embedding_input': ""networkOutage:Network outage refers to a disruption in the internet service due to issues in the service provider's network."", 'prob_cluster_belonging': 1.0, 'closest_other_cluster': 21, 'distance_to_other_cluster': 0.4084, 'umap_embedding': 'ComingSoon'}]",1768813821,High,3. High Complexity,9,2. Medium AHT,No,0,Volume - Rest,Low AHT,9.3,Low AHT | 9.3,Review
696df4fd459d6714849b6fcf,CXJ-960,internetIssue,networkOutage,networkOutage,9.200000000000001,9.41,issueEscalation,The agent escalated the issue to the advanced technical support team for faster resolution.,29,"[{'closest_other_cluster_name': 'networkConnectivity', 'cluster': 11, 'embedding_input': 'networkOutage:Network outage refers to a disruption in the internet service due to issues in the network infrastructure.', 'prob_cluster_belonging': 1.0, 'closest_other_cluster': 21, 'distance_to_other_cluster': 0.4084, 'umap_embedding': 'ComingSoon'}]",1768813821,High,3. High Complexity,10,2. Medium AHT,No,0,Volume - Rest,Low AHT,9.200000000000001,Low AHT | 9.200000000000001,Review
696df4fd459d6714849b6fd0,CXJ-960,connectionIssue,networkOutage,networkOutage,9.200000000000001,9.41,issueResolution,The agent informed the customer that the issue will be resolved within the next 24 hours.,34,"[{'closest_other_cluster_name': 'networkConnectivity', 'cluster': 11, 'embedding_input': ""networkOutage:A network outage refers to a disruption in the internet service due to issues in the service provider's network infrastructure."", 'prob_cluster_belonging': 1.0, 'closest_other_cluster': 21, 'distance_to_other_cluster': 0.4084, 'umap_embedding': 'ComingSoon'}]",1768813821,High,3. High Complexity,13,3. High AHT,No,0,Volume - Rest,Low AHT,9.200000000000001,Low AHT | 9.200000000000001,Review
696df4fd459d6714849b6fd1,CXJ-960,connectionIssue,networkOutage,networkOutage,9.6,9.41,accountCredit,The agent applied a one-time credit to the customer's account for the inconvenience experienced.,46,"[{'closest_other_cluster_name': 'networkConnectivity', 'cluster': 11, 'embedding_input': ""networkOutage:Network outage refers to a disruption in the internet service due to issues in the service provider's network."", 'prob_cluster_belonging': 1.0, 'closest_other_cluster': 21, 'distance_to_other_cluster': 0.4084, 'umap_embedding': 'ComingSoon'}]",1768813821,High,3. High Complexity,8,2. Medium AHT,No,0,Volume - Rest,Low AHT,9.6,Low AHT | 9.6,Review
696df4fd459d6714849b6fd2,CXJ-960,connectionIssue,networkOutage,networkOutage,,9.41,issueResolution,The agent informed the customer that the network issue will be resolved within 24 hours.,53,"[{'closest_other_cluster_name': 'networkConnectivity', 'cluster': 11, 'embedding_input': ""networkOutage:A network outage refers to a disruption in the internet service due to issues within the service provider's network infrastructure."", 'prob_cluster_belonging': 1.0, 'closest_other_cluster': 21, 'distance_to_other_cluster': 0.4084, 'umap_embedding': 'ComingSoon'}]",1768813821,High,3. High Complexity,8,2. Medium AHT,No,0,Volume - Rest,Low AHT,Nan,Low AHT | Nan,Review
696df4fd459d6714849b6fd3,CXJ-960,internetConnectionIssue,networkOutage,networkOutage,9.3,9.41,technicianScheduled,A technician visit has been scheduled to investigate and resolve the internet connection issue.,56,"[{'closest_other_cluster_name': 'networkConnectivity', 'cluster': 11, 'embedding_input': ""networkOutage:Network outage refers to a temporary loss of internet connectivity due to issues in the service provider's network."", 'prob_cluster_belonging': 0.5296370749399284, 'closest_other_cluster': 21, 'distance_to_other_cluster': 0.4084, 'umap_embedding': 'ComingSoon'}]",1768813821,High,3. High Complexity,9,2. Medium AHT,No,0,Volume - Rest,Low AHT,9.3,Low AHT | 9.3,Review
696df4fd459d6714849b6fd4,CXJ-960,internetConnectionIssue,networkOutage,networkOutage,9.399999999999999,9.41,provideHotspot,The agent provided a mobile hotspot device to ensure a stable connection until the outage is resolved.,58,"[{'closest_other_cluster_name': 'networkConnectivity', 'cluster': 11, 'embedding_input': ""networkOutage:Network outage refers to a disruption in the internet service due to issues in the service provider's network, affecting multiple users in a specific area."", 'prob_cluster_belonging': 1.0, 'closest_other_cluster': 21, 'distance_to_other_cluster': 0.4084, 'umap_embedding': 'ComingSoon'}]",1768813821,High,3. High Complexity,10,2. Medium AHT,No,0,Volume - Rest,Low AHT,9.399999999999999,Low AHT | 9.399999999999999,Review
696df4fd459d6714849b6fd5,CXJ-960,audioQuality,networkOutage,networkOutage,9.5,9.41,escalateSupport,The agent escalated the issue to the advanced technical support team for further assistance.,79,"[{'closest_other_cluster_name': 'networkConnectivity', 'cluster': 11, 'embedding_input': 'networkOutage:Network outage refers to a disruption in the service provided by the network, causing issues such as poor audio quality or connectivity problems.', 'prob_cluster_belonging': 0.4148313786203816, 'closest_other_cluster': 21, 'distance_to_other_cluster': 0.4084, 'umap_embedding': 'ComingSoon'}]",1768813821,High,3. High Complexity,8,2. Medium AHT,No,0,Volume - Rest,Low AHT,9.5,Low AHT | 9.5,Review
696df4fd459d6714849b6fd6,CXJ-960,internetConnectionIssue,networkOutage,networkOutage,9.399999999999999,9.41,escalateSupport,The agent escalated the issue to the advanced technical support team for priority resolution.,81,"[{'closest_other_cluster_name': 'networkConnectivity', 'cluster': 11, 'embedding_input': 'networkOutage:A network outage refers to a disruption in the internet service due to issues in the network infrastructure, affecting connectivity for users in a specific area.', 'prob_cluster_belonging': 1.0, 'closest_other_cluster': 21, 'distance_to_other_cluster': 0.4084, 'umap_embedding': 'ComingSoon'}]",1768813821,High,3. High Complexity,17,3. High AHT,No,0,Volume - Rest,Low AHT,9.399999999999999,Low AHT | 9.399999999999999,Review
696df4fd459d6714849b6fd7,CXJ-960,connectionIssue,networkOutage,networkOutage,9.399999999999999,9.41,accountCredit,The agent applied a one-time credit to the customer's account for the inconvenience caused.,87,"[{'closest_other_cluster_name': 'networkConnectivity', 'cluster': 11, 'embedding_input': ""networkOutage:Network outage refers to a disruption in the internet service due to issues in the service provider's network infrastructure."", 'prob_cluster_belonging': 1.0, 'closest_other_cluster': 21, 'distance_to_other_cluster': 0.4084, 'umap_embedding': 'ComingSoon'}]",1768813821,High,3. High Complexity,5,1. Low AHT,No,0,Volume - Rest,Low AHT,9.399999999999999,Low AHT | 9.399999999999999,Review
696df4fd459d6714849b6fd8,CXJ-960,internetConnectionIssue,networkOutage,networkOutage,9.7,9.41,technicianScheduled,A technician visit has been scheduled to resolve the internet connection issue.,95,"[{'closest_other_cluster_name': 'networkConnectivity', 'cluster': 11, 'embedding_input': ""networkOutage:A network outage refers to a disruption in the internet service due to issues in the service provider's network infrastructure."", 'prob_cluster_belonging': 1.0, 'closest_other_cluster': 21, 'distance_to_other_cluster': 0.4084, 'umap_embedding': 'ComingSoon'}]",1768813821,High,3. High Complexity,8,2. Medium AHT,No,0,Volume - Rest,Low AHT,9.7,Low AHT | 9.7,Review
696df4fd459d6714849b6fd9,CXJ-960,internetConnectionIssue,networkOutage,networkOutage,9.3,9.41,accountCredit,The agent credited the customer's account for the inconvenience caused by the network outage.,99,"[{'closest_other_cluster_name': 'networkConnectivity', 'cluster': 11, 'embedding_input': 'networkOutage:Network outage refers to a disruption in the internet service due to issues in the network infrastructure.', 'prob_cluster_belonging': 1.0, 'closest_other_cluster': 21, 'distance_to_other_cluster': 0.4084, 'umap_embedding': 'ComingSoon'}]",1768813821,High,3. High Complexity,3,1. Low AHT,No,0,Volume - Rest,Low AHT,9.3,Low AHT | 9.3,Review
696df4fd459d6714849b6fda,CXJ-960,performanceIssue,intermittentPerformance,performanceFluctuation,6.800000000000001,6.73,troubleshootingSteps,The agent suggested trying a different browser and checking for outages or maintenance.,18,"[{'closest_other_cluster_name': 'networkConnectivity', 'cluster': 2, 'embedding_input': 'intermittentPerformance:Intermittent performance refers to inconsistent or sporadic functioning of a service, where it works fine at times but is slow or unresponsive at other times.', 'prob_cluster_belonging': 1.0, 'closest_other_cluster': 21, 'distance_to_other_cluster': 0.5737, 'umap_embedding': 'ComingSoon'}]",1768813821,Low,1. Low Complexity,9,2. Medium AHT,Yes,1,Volume - Potential Transformation Opportunity,Low AHT,6.800000000000001,Low AHT | 6.800000000000001,Review
696df4fd459d6714849b6fdb,CXJ-960,keyboardIssue,intermittentPerformance,performanceFluctuation,6.800000000000001,6.73,keyboardReplacement,The agent confirmed a replacement keyboard will be shipped within 3-5 business days.,49,"[{'closest_other_cluster_name': 'networkConnectivity', 'cluster': 2, 'embedding_input': 'intermittentPerformance:Intermittent performance refers to a situation where a device or component works sporadically, functioning correctly at times and failing at others.', 'prob_cluster_belonging': 0.800571949254555, 'closest_other_cluster': 21, 'distance_to_other_cluster': 0.5737, 'umap_embedding': 'ComingSoon'}]",1768813821,Low,1. Low Complexity,10,2. Medium AHT,Yes,1,Volume - Potential Transformation Opportunity,Low AHT,6.800000000000001,Low AHT | 6.800000000000001,Review
696df4fd459d6714849b6fdc,CXJ-960,connectionIssue,intermittentPerformance,performanceFluctuation,6.7,6.73,signalSent,The agent sent a signal to the customer's modem to resolve the internet connection issue.,64,"[{'closest_other_cluster_name': 'networkConnectivity', 'cluster': 2, 'embedding_input': 'intermittentPerformance:Intermittent performance refers to inconsistent or fluctuating performance levels, often resulting in periods of slow or unstable service.', 'prob_cluster_belonging': 1.0, 'closest_other_cluster': 21, 'distance_to_other_cluster': 0.5737, 'umap_embedding': 'ComingSoon'}]",1768813821,Low,1. Low Complexity,14,3. High AHT,Yes,1,Volume - Potential Transformation Opportunity,Low AHT,6.7,Low AHT | 6.7,Review
696df4fd459d6714849b6fdd,CXJ-960,internetConnectionIssue,intermittentPerformance,performanceFluctuation,6.600000000000001,6.73,technicianScheduled,A technician has been scheduled to visit the customer's location within 24-48 hours.,86,"[{'closest_other_cluster_name': 'networkConnectivity', 'cluster': 2, 'embedding_input': 'intermittentPerformance:Intermittent performance refers to inconsistent or sporadic functioning of a service or device, causing it to work irregularly.', 'prob_cluster_belonging': 0.8938119679661396, 'closest_other_cluster': 21, 'distance_to_other_cluster': 0.5737, 'umap_embedding': 'ComingSoon'}]",1768813821,Low,1. Low Complexity,16,3. High AHT,Yes,1,Volume - Potential Transformation Opportunity,Low AHT,6.600000000000001,Low AHT | 6.600000000000001,Review
696df4fd459d6714849b6fde,CXJ-960,keyboardMalfunction,driverUpdate,softwareUpdate,7.800000000000001,7.69,driverUpdated,The agent guided the customer through updating the keyboard drivers to resolve the issue.,19,"[{'closest_other_cluster_name': 'driverUpdate', 'cluster': 6, 'embedding_input': 'driverUpdate:Driver update refers to the process of installing the latest software for a hardware component to ensure it functions correctly.', 'prob_cluster_belonging': 1.0, 'closest_other_cluster': 5, 'distance_to_other_cluster': 0.3325, 'umap_embedding': 'ComingSoon'}]",1768813821,Medium,2. Medium Complexity,5,1. Low AHT,No,0,Volume - Rest,Low AHT,7.800000000000001,Low AHT | 7.800000000000001,Review
696df4fd459d6714849b6fdf,CXJ-960,keyboardIssue,driverUpdate,softwareUpdate,7.6,7.69,driverUpdated,"The agent guided the customer to update the keyboard drivers, resolving the issue.",52,"[{'closest_other_cluster_name': 'driverUpdate', 'cluster': 6, 'embedding_input': 'driverUpdate:Driver update refers to the process of installing the latest software for a hardware component to ensure it functions correctly.', 'prob_cluster_belonging': 1.0, 'closest_other_cluster': 5, 'distance_to_other_cluster': 0.3325, 'umap_embedding': 'ComingSoon'}]",1768813821,Medium,2. Medium Complexity,13,3. High AHT,Yes,1,Volume - Potential Transformation Opportunity,Low AHT,7.6,Low AHT | 7.6,Review
696df4fd459d6714849b6fe0,CXJ-960,audioRestoration,driverUpdate,softwareUpdate,7.800000000000001,7.69,driverUpdated,The agent guided the customer through updating the audio driver to restore audio functionality.,54,"[{'closest_other_cluster_name': 'driverUpdate', 'cluster': 6, 'embedding_input': 'driverUpdate:Driver update refers to the process of installing the latest version of software that controls a hardware device, ensuring it functions correctly.', 'prob_cluster_belonging': 1.0, 'closest_other_cluster': 5, 'distance_to_other_cluster': 0.3325, 'umap_embedding': 'ComingSoon'}]",1768813821,Medium,2. Medium Complexity,4,1. Low AHT,No,0,Volume - Rest,Low AHT,7.800000000000001,Low AHT | 7.800000000000001,Review
696df4fd459d6714849b6fe1,CXJ-960,audioIssue,driverUpdate,softwareUpdate,7.5,7.69,updateDriver,The agent guided the customer to update the audio driver to resolve the issue.,72,"[{'closest_other_cluster_name': 'driverUpdate', 'cluster': 6, 'embedding_input': 'driverUpdate:Driver update refers to the process of installing the latest version of software that controls a hardware device to ensure it functions correctly.', 'prob_cluster_belonging': 1.0, 'closest_other_cluster': 5, 'distance_to_other_cluster': 0.3325, 'umap_embedding': 'ComingSoon'}]",1768813821,Medium,2. Medium Complexity,14,3. High AHT,Yes,1,Volume - Potential Transformation Opportunity,Low AHT,7.5,Low AHT | 7.5,Review
696df4fd459d6714849b6fe2,CXJ-960,audioIssue,driverUpdate,softwareUpdate,7.5,7.69,updateAudioDriver,The agent guided the customer through updating the audio drivers to resolve the issue.,91,"[{'closest_other_cluster_name': 'driverUpdate', 'cluster': 6, 'embedding_input': 'driverUpdate:Driver update refers to the process of installing the latest version of software drivers to ensure hardware components function correctly.', 'prob_cluster_belonging': 1.0, 'closest_other_cluster': 5, 'distance_to_other_cluster': 0.3325, 'umap_embedding': 'ComingSoon'}]",1768813821,Medium,2. Medium Complexity,15,3. High AHT,Yes,1,Volume - Potential Transformation Opportunity,Low AHT,7.5,Low AHT | 7.5,Review
696df4fd459d6714849b6fe3,CXJ-960,internetConnectionIssue,fiberConnectionIssue,fiberConnection,6.0,6.2,technicianScheduled,A technician has been scheduled to visit and resolve the fiber connection issue.,21,"[{'closest_other_cluster_name': 'networkConnectivity', 'cluster': 18, 'embedding_input': 'fiberConnectionIssue:Fiber connection issue refers to problems or disruptions in the fiber optic network that affect internet connectivity.', 'prob_cluster_belonging': 1.0, 'closest_other_cluster': 21, 'distance_to_other_cluster': 0.3085, 'umap_embedding': 'ComingSoon'}]",1768813821,Low,1. Low Complexity,7,2. Medium AHT,Yes,1,Volume - Potential Transformation Opportunity,Low AHT,6.0,Low AHT | 6.0,Review
696df4fd459d6714849b6fe4,CXJ-960,internetConnectionIssue,fiberConnectionIssue,fiberConnection,6.3,6.2,technicianScheduled,A technician has been scheduled to visit and address the fiber optic cable issue in the customer's area.,38,"[{'closest_other_cluster_name': 'networkConnectivity', 'cluster': 18, 'embedding_input': 'fiberConnectionIssue:Fiber connection issue refers to problems related to the fiber optic cables that provide internet service, causing disruptions or poor quality in the connection.', 'prob_cluster_belonging': 0.0, 'closest_other_cluster': 21, 'distance_to_other_cluster': 0.3085, 'umap_embedding': 'ComingSoon'}]",1768813821,Low,1. Low Complexity,6,1. Low AHT,No,0,Volume - Rest,Low AHT,6.3,Low AHT | 6.3,Review
696df4fd459d6714849b6fe5,CXJ-960,internetConnectionIssue,fiberConnectionIssue,fiberConnection,6.3,6.2,technicianScheduled,A technician has been scheduled to visit and resolve the fiber connection issue within 24-48 hours.,80,"[{'closest_other_cluster_name': 'networkConnectivity', 'cluster': 18, 'embedding_input': 'fiberConnectionIssue:Fiber connection issue refers to problems or disruptions in the fiber optic network that affect internet connectivity.', 'prob_cluster_belonging': 1.0, 'closest_other_cluster': 21, 'distance_to_other_cluster': 0.3085, 'umap_embedding': 'ComingSoon'}]",1768813821,Low,1. Low Complexity,16,3. High AHT,Yes,1,Volume - Potential Transformation Opportunity,Low AHT,6.3,Low AHT | 6.3,Review
696df4fd459d6714849b6fe6,CXJ-960,batteryIssue,batteryDraining,batteryDraining,7.5,7.45,appClosure,The agent advised the customer to close the email app to resolve the battery draining issue.,28,"[{'closest_other_cluster_name': 'batteryDegradation', 'cluster': 17, 'embedding_input': ""batteryDraining:Battery draining refers to the rapid depletion of a device's battery power, often due to software or hardware issues."", 'prob_cluster_belonging': 1.0, 'closest_other_cluster': 20, 'distance_to_other_cluster': 0.3699, 'umap_embedding': 'ComingSoon'}]",1768813821,Medium,2. Medium Complexity,14,3. High AHT,Yes,1,Volume - Potential Transformation Opportunity,Low AHT,7.5,Low AHT | 7.5,Review
696df4fd459d6714849b6fe7,CXJ-960,batteryIssue,batteryDraining,batteryDraining,7.4,7.45,batteryCalibrationGuide,The agent provided a step-by-step guide to calibrate the battery to resolve the issue.,37,"[{'closest_other_cluster_name': 'batteryDegradation', 'cluster': 17, 'embedding_input': ""batteryDraining:Battery draining refers to the rapid depletion of a device's battery charge, often due to hardware or software issues."", 'prob_cluster_belonging': 1.0, 'closest_other_cluster': 20, 'distance_to_other_cluster': 0.3699, 'umap_embedding': 'ComingSoon'}]",1768813821,Medium,2. Medium Complexity,2,1. Low AHT,No,0,Volume - Rest,Low AHT,7.4,Low AHT | 7.4,Review
696df4fd459d6714849b6fe8,CXJ-960,batteryIssue,batteryDraining,batteryDraining,7.3,7.45,safeModeRestart,The agent guided the customer to restart the phone in safe mode to resolve the battery issue.,39,"[{'closest_other_cluster_name': 'batteryDegradation', 'cluster': 17, 'embedding_input': ""batteryDraining:Battery draining refers to the rapid depletion of a device's battery charge, often due to software or hardware issues."", 'prob_cluster_belonging': 1.0, 'closest_other_cluster': 20, 'distance_to_other_cluster': 0.3699, 'umap_embedding': 'ComingSoon'}]",1768813821,Medium,2. Medium Complexity,6,1. Low AHT,No,0,Volume - Rest,Low AHT,7.3,Low AHT | 7.3,Review
696df4fd459d6714849b6fe9,CXJ-960,batteryIssue,batteryDraining,batteryDraining,7.3,7.45,safeModeRestart,The agent guided the customer to restart the phone in safe mode to diagnose the issue.,57,"[{'closest_other_cluster_name': 'batteryDegradation', 'cluster': 17, 'embedding_input': ""batteryDraining:Battery draining refers to the rapid depletion of a device's battery charge, often due to software or hardware issues."", 'prob_cluster_belonging': 1.0, 'closest_other_cluster': 20, 'distance_to_other_cluster': 0.3699, 'umap_embedding': 'ComingSoon'}]",1768813821,Medium,2. Medium Complexity,11,2. Medium AHT,No,0,Volume - Rest,Low AHT,7.3,Low AHT | 7.3,Review
696df4fd459d6714849b6fea,CXJ-960,batteryIssue,batteryDraining,batteryDraining,7.4,7.45,resetDeviceSettings,The agent advised the customer to reset the device's settings to default values.,60,"[{'closest_other_cluster_name': 'batteryDegradation', 'cluster': 17, 'embedding_input': ""batteryDraining:Battery draining refers to the rapid depletion of a device's battery charge, causing it to lose power quickly."", 'prob_cluster_belonging': 1.0, 'closest_other_cluster': 20, 'distance_to_other_cluster': 0.3699, 'umap_embedding': 'ComingSoon'}]",1768813821,Medium,2. Medium Complexity,7,2. Medium AHT,No,0,Volume - Rest,Low AHT,7.4,Low AHT | 7.4,Review
696df4fd459d6714849b6feb,CXJ-960,batteryReplacement,batteryDraining,batteryDraining,,7.45,sendReplacementBattery,The agent will send a replacement battery to the customer within 3-5 business days.,78,"[{'closest_other_cluster_name': 'batteryDegradation', 'cluster': 17, 'embedding_input': ""batteryDraining:Battery draining refers to the rapid depletion of a device's battery charge, often due to hardware or software issues."", 'prob_cluster_belonging': 1.0, 'closest_other_cluster': 20, 'distance_to_other_cluster': 0.3699, 'umap_embedding': 'ComingSoon'}]",1768813821,Medium,2. Medium Complexity,6,1. Low AHT,No,0,Volume - Rest,Low AHT,Nan,Low AHT | Nan,Review
696df4fd459d6714849b6fec,CXJ-960,batteryReplacement,batteryDraining,batteryDraining,7.800000000000001,7.45,issueEscalation,The agent escalated the issue to a supervisor for further assistance within 24 hours.,97,"[{'closest_other_cluster_name': 'batteryDegradation', 'cluster': 17, 'embedding_input': ""batteryDraining:Battery draining refers to the rapid depletion of a device's battery charge, leading to reduced operational time."", 'prob_cluster_belonging': 1.0, 'closest_other_cluster': 20, 'distance_to_other_cluster': 0.3699, 'umap_embedding': 'ComingSoon'}]",1768813821,Medium,2. Medium Complexity,13,3. High AHT,Yes,1,Volume - Potential Transformation Opportunity,Low AHT,7.800000000000001,Low AHT | 7.800000000000001,Review
696df4fd459d6714849b6fed,CXJ-960,claimProcessing,accidentDamage,physicalDamage,,5.7,claimSetup,The agent set up a claim for the customer's car accident damage.,30,"[{'closest_other_cluster_name': 'liquidDamage', 'cluster': 4, 'embedding_input': 'accidentDamage:Accident damage refers to physical harm or destruction caused to a vehicle as a result of a collision or crash.', 'prob_cluster_belonging': 1.0, 'closest_other_cluster': 3, 'distance_to_other_cluster': 0.3794, 'umap_embedding': 'ComingSoon'}]",1768813821,Low,1. Low Complexity,7,2. Medium AHT,Yes,1,Volume - Potential Transformation Opportunity,Low AHT,Nan,Low AHT | Nan,Review
696df4fd459d6714849b6fee,CXJ-960,claimSetup,accidentDamage,physicalDamage,5.699999999999999,5.7,assignAdjuster,An adjuster will be assigned to inspect the damage and provide an estimate for repairs.,36,"[{'closest_other_cluster_name': 'liquidDamage', 'cluster': 4, 'embedding_input': 'accidentDamage:Accident damage refers to physical harm or destruction caused to a vehicle as a result of a collision or crash.', 'prob_cluster_belonging': 1.0, 'closest_other_cluster': 3, 'distance_to_other_cluster': 0.3794, 'umap_embedding': 'ComingSoon'}]",1768813821,Low,1. Low Complexity,8,2. Medium AHT,Yes,1,Volume - Potential Transformation Opportunity,Low AHT,5.699999999999999,Low AHT | 5.699999999999999,Review
696df4fd459d6714849b6ff0,CXJ-960,claimSetup,accidentDamage,physicalDamage,5.699999999999999,5.7,submitPoliceReport,The customer was asked to submit the police report via fax or email for claim processing.,84,"[{'closest_other_cluster_name': 'liquidDamage', 'cluster': 4, 'embedding_input': 'accidentDamage:Accident damage refers to physical harm or destruction caused to a vehicle due to a collision or impact.', 'prob_cluster_belonging': 0.0, 'closest_other_cluster': 3, 'distance_to_other_cluster': 0.3794, 'umap_embedding': 'ComingSoon'}]",1768813821,Low,1. Low Complexity,11,2. Medium AHT,Yes,1,Volume - Potential Transformation Opportunity,Low AHT,5.699999999999999,Low AHT | 5.699999999999999,Review
696df4fd459d6714849b6ffb,CXJ-960,softwareFreezing,softwareUpdate,softwareUpdate,7.5,7.69,sendPatch,The agent sent a patch to the customer to update the software to the latest version.,83,"[{'closest_other_cluster_name': 'softwareUpdate', 'cluster': 1, 'embedding_input': 'softwareUpdate:Software update refers to the process of installing a newer version of a software program to fix bugs, improve performance, or add new features.', 'prob_cluster_belonging': 1.0, 'closest_other_cluster': 6, 'distance_to_other_cluster': 0.3721, 'umap_embedding': 'ComingSoon'}]",1768813821,Medium,2. Medium Complexity,3,1. Low AHT,No,0,Volume - Rest,Low AHT,7.5,Low AHT | 7.5,Review
696df4fd459d6714849b6ff1,CXJ-960,audioQualityIssue,connectionSpeed,connectionSpeed,5.899999999999999,5.9,speedBoost,The agent boosted the customer's internet speed to resolve the audio quality issue.,31,"[{'closest_other_cluster_name': 'networkConnectivity', 'cluster': 16, 'embedding_input': 'connectionSpeed:Connection speed refers to the rate at which data is transmitted over an internet connection, affecting the quality of services like audio and video.', 'prob_cluster_belonging': 1.0, 'closest_other_cluster': 21, 'distance_to_other_cluster': 0.3811, 'umap_embedding': 'ComingSoon'}]",1768813821,Low,1. Low Complexity,12,2. Medium AHT,Yes,1,Volume - Potential Transformation Opportunity,Low AHT,5.899999999999999,Low AHT | 5.899999999999999,Review
696df4fd459d6714849b6ff2,CXJ-960,connectionIssue,connectionSpeed,connectionSpeed,5.899999999999999,5.9,escalateSupport,The agent escalated the issue to the advanced technical support team for further assistance.,65,"[{'closest_other_cluster_name': 'networkConnectivity', 'cluster': 16, 'embedding_input': 'connectionSpeed:Connection speed refers to the rate at which data is transmitted over an internet connection, affecting the quality and reliability of online activities.', 'prob_cluster_belonging': 1.0, 'closest_other_cluster': 21, 'distance_to_other_cluster': 0.3811, 'umap_embedding': 'ComingSoon'}]",1768813821,Low,1. Low Complexity,4,1. Low AHT,No,0,Volume - Rest,Low AHT,5.899999999999999,Low AHT | 5.899999999999999,Review
696df4fd459d6714849b6ff3,CXJ-960,productReplacement,crackedScreen,screenDamage,6.3,6.2,expeditedReplacement,The agent expedited the shipping of a replacement laptop to be delivered within 2-3 business days.,40,"[{'closest_other_cluster_name': 'hardwareFailure', 'cluster': 9, 'embedding_input': 'crackedScreen:Cracked screen refers to the physical damage where the display screen of a device is broken or shattered.', 'prob_cluster_belonging': 1.0, 'closest_other_cluster': 12, 'distance_to_other_cluster': 0.5482, 'umap_embedding': 'ComingSoon'}]",1768813821,Low,1. Low Complexity,17,3. High AHT,Yes,1,Volume - Potential Transformation Opportunity,Low AHT,6.3,Low AHT | 6.3,Review
696df4fd459d6714849b6ff4,CXJ-960,phoneRepair,crackedScreen,screenDamage,6.1,6.2,sendShippingLabel,The agent will send a prepaid return shipping label via email for the customer to send the phone for repair.,69,"[{'closest_other_cluster_name': 'hardwareFailure', 'cluster': 9, 'embedding_input': ""crackedScreen:Cracked screen refers to the physical damage to a phone's display, often resulting from a drop or impact."", 'prob_cluster_belonging': 1.0, 'closest_other_cluster': 12, 'distance_to_other_cluster': 0.5482, 'umap_embedding': 'ComingSoon'}]",1768813821,Low,1. Low Complexity,14,3. High AHT,Yes,1,Volume - Potential Transformation Opportunity,Low AHT,6.1,Low AHT | 6.1,Review
696df4fd459d6714849b6ff5,CXJ-960,audioIssue,audioOutputFailure,audioOutputFailure,7.199999999999999,7.18,safeModeRestart,The agent guided the customer to restart the laptop in safe mode to troubleshoot the audio issue.,42,"[{'closest_other_cluster_name': 'audioFailure', 'cluster': 15, 'embedding_input': 'audioOutputFailure:Audio output failure refers to the situation where the sound output from a device stops working, despite being set to the correct device.', 'prob_cluster_belonging': 1.0, 'closest_other_cluster': 14, 'distance_to_other_cluster': 0.3491, 'umap_embedding': 'ComingSoon'}]",1768813821,Medium,2. Medium Complexity,15,3. High AHT,Yes,1,Volume - Potential Transformation Opportunity,Low AHT,7.199999999999999,Low AHT | 7.199999999999999,Review
696df4fd459d6714849b6ff6,CXJ-960,audioIssue,audioOutputFailure,audioOutputFailure,7.4,7.18,issueEscalation,The issue was escalated to the advanced technical support team for further assistance.,43,"[{'closest_other_cluster_name': 'audioFailure', 'cluster': 15, 'embedding_input': ""audioOutputFailure:Audio output failure refers to the situation where a device's audio system stops producing sound, despite being powered on and connected properly."", 'prob_cluster_belonging': 1.0, 'closest_other_cluster': 14, 'distance_to_other_cluster': 0.3491, 'umap_embedding': 'ComingSoon'}]",1768813821,Medium,2. Medium Complexity,5,1. Low AHT,No,0,Volume - Rest,Low AHT,7.4,Low AHT | 7.4,Review
696df4fd459d6714849b6ff7,CXJ-960,audioIssue,audioOutputFailure,audioOutputFailure,7.199999999999999,7.18,issueEscalation,The issue was escalated to the advanced technical support team for further assistance.,44,"[{'closest_other_cluster_name': 'audioFailure', 'cluster': 15, 'embedding_input': 'audioOutputFailure:Audio output failure refers to the malfunction or non-functioning of the audio output system in a device, preventing sound from being heard.', 'prob_cluster_belonging': 1.0, 'closest_other_cluster': 14, 'distance_to_other_cluster': 0.3491, 'umap_embedding': 'ComingSoon'}]",1768813821,Medium,2. Medium Complexity,16,3. High AHT,Yes,1,Volume - Potential Transformation Opportunity,Low AHT,7.199999999999999,Low AHT | 7.199999999999999,Review
696df4fd459d6714849b6ff8,CXJ-960,audioRestoration,audioOutputFailure,audioOutputFailure,7.3,7.18,issueEscalation,The issue was escalated to the advanced technical support team for further assistance.,70,"[{'closest_other_cluster_name': 'audioFailure', 'cluster': 15, 'embedding_input': ""audioOutputFailure:Audio output failure refers to the malfunction or complete lack of sound from a device's audio system."", 'prob_cluster_belonging': 1.0, 'closest_other_cluster': 14, 'distance_to_other_cluster': 0.3491, 'umap_embedding': 'ComingSoon'}]",1768813821,Medium,2. Medium Complexity,8,2. Medium AHT,No,0,Volume - Rest,Low AHT,7.3,Low AHT | 7.3,Review
696df4fd459d6714849b6ff9,CXJ-960,audioRestoration,audioOutputFailure,audioOutputFailure,6.800000000000001,7.18,driverUpdate,The agent guided the customer to update the audio driver to resolve the issue.,90,"[{'closest_other_cluster_name': 'audioFailure', 'cluster': 15, 'embedding_input': 'audioOutputFailure:Audio output failure refers to the situation where a device stops producing sound, often due to hardware or software issues.', 'prob_cluster_belonging': 1.0, 'closest_other_cluster': 14, 'distance_to_other_cluster': 0.3491, 'umap_embedding': 'ComingSoon'}]",1768813821,Medium,2. Medium Complexity,11,2. Medium AHT,No,0,Volume - Rest,Low AHT,6.800000000000001,Low AHT | 6.800000000000001,Review
696df4fd459d6714849b6ffa,CXJ-960,batteryIssue,softwareUpdate,softwareUpdate,8.100000000000001,7.69,installPatch,The agent guided the customer through the process of installing a patch to resolve the battery issue.,59,"[{'closest_other_cluster_name': 'softwareUpdate', 'cluster': 1, 'embedding_input': 'softwareUpdate:Software update refers to the process of installing new patches or updates to the operating system or applications to fix bugs, improve performance, or add new features.', 'prob_cluster_belonging': 1.0, 'closest_other_cluster': 6, 'distance_to_other_cluster': 0.3721, 'umap_embedding': 'ComingSoon'}]",1768813821,Medium,2. Medium Complexity,6,1. Low AHT,No,0,Volume - Rest,Low AHT,8.100000000000001,Low AHT | 8.100000000000001,Review
696df4fd459d6714849b6ffc,CXJ-960,softwareIssue,softwareFreezing,softwareFreezing,5.8,5.9,escalateSupport,The agent escalated the issue to the advanced technical support team for further assistance.,62,"[{'closest_other_cluster_name': 'softwareConflict', 'cluster': 8, 'embedding_input': 'softwareFreezing:Software freezing refers to a situation where a software application becomes unresponsive and stops functioning, often requiring a restart or further troubleshooting.', 'prob_cluster_belonging': 1.0, 'closest_other_cluster': 7, 'distance_to_other_cluster': 0.3929, 'umap_embedding': 'ComingSoon'}]",1768813821,Low,1. Low Complexity,2,1. Low AHT,No,0,Volume - Rest,Low AHT,5.8,Low AHT | 5.8,Review
696df4fd459d6714849b6ffd,CXJ-960,issueEscalation,softwareFreezing,softwareFreezing,6.0,5.9,escalateSupport,The agent escalated the issue to the advanced technical support team for further assistance.,100,"[{'closest_other_cluster_name': 'softwareConflict', 'cluster': 8, 'embedding_input': 'softwareFreezing:Software freezing refers to a situation where a software application becomes unresponsive or stops functioning properly, often requiring a restart or further technical intervention.', 'prob_cluster_belonging': 1.0, 'closest_other_cluster': 7, 'distance_to_other_cluster': 0.3929, 'umap_embedding': 'ComingSoon'}]",1768813821,Low,1. Low Complexity,6,1. Low AHT,No,0,Volume - Rest,Low AHT,6.0,Low AHT | 6.0,Review
696df4fd459d6714849b6ffe,CXJ-960,deviceSetup,networkConnectionIssue,networkConnection,6.1,6.2,escalateSupport,The agent will escalate the issue to the advanced technical support team for further assistance.,66,"[{'closest_other_cluster_name': 'networkConnectivity', 'cluster': 22, 'embedding_input': 'networkConnectionIssue:Network connection issue refers to problems encountered when a device is unable to connect to a Wi-Fi or Ethernet network.', 'prob_cluster_belonging': 1.0, 'closest_other_cluster': 21, 'distance_to_other_cluster': 0.2892, 'umap_embedding': 'ComingSoon'}]",1768813821,Low,1. Low Complexity,10,2. Medium AHT,Yes,1,Volume - Potential Transformation Opportunity,Low AHT,6.1,Low AHT | 6.1,Review
696df4fd459d6714849b6fff,CXJ-960,deviceSetup,wifiConnectionIssue,networkConnection,6.3,6.2,escalateSupport,The agent escalated the issue to the advanced technical support team for further assistance.,73,"[{'closest_other_cluster_name': 'networkConnectivity', 'cluster': 22, 'embedding_input': 'wifiConnectionIssue:Wi-Fi connection issue refers to problems encountered when attempting to connect a device to a wireless network.', 'prob_cluster_belonging': 1.0, 'closest_other_cluster': 21, 'distance_to_other_cluster': 0.2892, 'umap_embedding': 'ComingSoon'}]",1768813821,Low,1. Low Complexity,14,3. High AHT,Yes,1,Volume - Potential Transformation Opportunity,Low AHT,6.3,Low AHT | 6.3,Review
696df4fd459d6714849b7000,CXJ-960,batteryReplacement,batteryDegradation,batteryDegradation,,5.7,processReplacement,The agent processed the order for a replacement battery to be delivered within 3-5 business days.,68,"[{'closest_other_cluster_name': 'batteryDepletion', 'cluster': 20, 'embedding_input': 'batteryDegradation:Battery degradation refers to the natural decline in battery capacity and performance over time due to usage and age.', 'prob_cluster_belonging': 1.0, 'closest_other_cluster': 19, 'distance_to_other_cluster': 0.2503, 'umap_embedding': 'ComingSoon'}]",1768813821,Low,1. Low Complexity,3,1. Low AHT,No,0,Volume - Rest,Low AHT,Nan,Low AHT | Nan,Review
696df4fd459d6714849b7001,CXJ-960,batteryIssue,batteryDegradation,batteryDegradation,5.699999999999999,5.7,batteryCalibrationGuide,The agent provided a guide to calibrate the battery to potentially resolve the issue.,82,"[{'closest_other_cluster_name': 'batteryDepletion', 'cluster': 20, 'embedding_input': ""batteryDegradation:Battery degradation refers to the gradual loss of a battery's ability to hold a charge over time, resulting in reduced battery life."", 'prob_cluster_belonging': 1.0, 'closest_other_cluster': 19, 'distance_to_other_cluster': 0.2503, 'umap_embedding': 'ComingSoon'}]",1768813821,Low,1. Low Complexity,16,3. High AHT,Yes,1,Volume - Potential Transformation Opportunity,Low AHT,5.699999999999999,Low AHT | 5.699999999999999,Review
696df4fd459d6714849b7002,CXJ-960,claimSetup,waterDamage,liquidDamage,5.699999999999999,6.0,assignAdjuster,The agent will assign an adjuster to assess the damage and start the claim process.,96,"[{'closest_other_cluster_name': 'physicalDamage', 'cluster': 3, 'embedding_input': 'waterDamage:Water damage refers to any destruction or harm caused to property due to water intrusion, such as from a burst pipe, flooding, or leaks.', 'prob_cluster_belonging': 1.0, 'closest_other_cluster': 4, 'distance_to_other_cluster': 0.3794, 'umap_embedding': 'ComingSoon'}]",1768813821,Low,1. Low Complexity,13,3. High AHT,Yes,1,Volume - Potential Transformation Opportunity,Low AHT,5.699999999999999,Low AHT | 5.699999999999999,Review
696df4fd459d6714849b7003,CXJ-960,keyboardIssue,liquidDamage,liquidDamage,6.3,6.0,escalateSupport,The agent escalated the issue to the advanced technical support team for further assistance.,98,"[{'closest_other_cluster_name': 'physicalDamage', 'cluster': 3, 'embedding_input': 'liquidDamage:Liquid damage refers to the harm caused to electronic devices when they come into contact with liquids, potentially leading to malfunction or failure.', 'prob_cluster_belonging': 1.0, 'closest_other_cluster': 4, 'distance_to_other_cluster': 0.3794, 'umap_embedding': 'ComingSoon'}]",1768813821,Low,1. Low Complexity,12,2. Medium AHT,Yes,1,Volume - Potential Transformation Opportunity,Low AHT,6.3,Low AHT | 6.3,Review
